inputfile,,,,,,,,,,,min,lower,avg,median,upper,max,variance
jedit-3.2.csv mcc,0.5073889749239235,0.5073889749239235,0.5243309659742438,0.5073889749239235,0.5073889749239235,0.49785609223163174,0.5073889749239235,0.5073889749239235,0.5073889749239235,0.5073889749239235,0.49785609223163174,0.5073889749239235,0.5081298857597264,0.5073889749239235,0.5073889749239235,0.5243309659742438,0.006102601285583278
jedit-3.2.csv mcc,0.5306786827858986,0.5448461202906978,0.5755670847389608,0.4993935267704518,0.5293501913451867,0.48488167902234686,0.5602637249792444,0.5755670847389608,0.5602637249792444,0.5142081475868828,0.48488167902234686,0.5217791694660348,0.5375019967237875,0.5377624015382982,0.5602637249792444,0.5755670847389608,0.02977380865348879
jedit-3.2.csv mcc,0.4289382265196474,0.3477769487659156,0.4289382265196474,0.3606737757185789,0.33346403284051673,0.33346403284051673,0.34668663111175807,0.4289382265196474,0.4289382265196474,0.33346403284051673,0.33346403284051673,0.3400753319761374,0.37712823601963924,0.3542253622422472,0.4289382265196474,0.4289382265196474,0.04302990473712919
jedit-3.2.csv mcc,0.6792107413176571,0.6637962423770599,0.6792107413176571,0.6637962423770599,0.6792107413176571,0.6637962423770599,0.6637962423770599,0.6216494568185991,0.6792107413176571,0.6950135566531725,0.6216494568185991,0.6637962423770599,0.668869094825064,0.6715034918473586,0.6792107413176571,0.6950135566531725,0.018557912151669843
jedit-3.2.csv mcc,0.5840816603245691,0.6085287846481876,0.6278877848489118,0.5650319829424307,0.5840816603245691,0.5840816603245691,0.5840816603245691,0.5650319829424307,0.5840816603245691,0.5840816603245691,0.5650319829424307,0.5840816603245691,0.5870970497329375,0.5840816603245691,0.5840816603245691,0.6278877848489118,0.017752445232763803
jedit-3.2.csv mcc,0.49726072435626734,0.4587888982338099,0.4587888982338099,0.48156180155773154,0.4587888982338099,0.48156180155773154,0.4587888982338099,0.43605211257736215,0.4587888982338099,0.4587888982338099,0.43605211257736215,0.4587888982338099,0.46491698294519523,0.4587888982338099,0.4701753498957707,0.49726072435626734,0.016305578359831537
jedit-3.2.csv mcc,0.5373300065407692,0.5373300065407692,0.5797169951045431,0.5127288270786778,0.5552771538857098,0.5373300065407692,0.5552771538857098,0.4949430179769954,0.5197428319746008,0.5373300065407692,0.4949430179769954,0.528536419257685,0.5367006006069314,0.5373300065407692,0.5463035802132394,0.5797169951045431,0.02268937860873322
jedit-3.2.csv mcc,0.23499806426635694,0.33288297102200687,0.33288297102200687,0.2816064684554483,0.27526132404181186,0.2692576412615363,0.3099003040934663,0.23499806426635694,0.292439245570735,0.2692576412615363,0.23499806426635694,0.2692576412615363,0.2833484695261262,0.2784338962486301,0.3011697748321006,0.33288297102200687,0.03291813869984499
jedit-3.2.csv mcc,0.4841278005460148,0.5023196558187268,0.46632450869950853,0.4841278005460148,0.4841278005460148,0.4750855510559814,0.4387106216524765,0.456698353744369,0.41107705167001124,0.456698353744369,0.41107705167001124,0.456698353744369,0.4659297498023487,0.470705029877745,0.4841278005460148,0.5023196558187268,0.02514329676010278
jedit-3.2.csv mcc,0.7302967433402215,0.7302967433402215,0.7302967433402215,0.7302967433402215,0.7302967433402215,0.7113052141310527,0.7302967433402215,0.7302967433402215,0.7113052141310527,0.7302967433402215,0.7113052141310527,0.7302967433402215,0.7264984374983877,0.7302967433402215,0.7302967433402215,0.7302967433402215,0.00759661168366752
ivy-2.0.csv mcc,0.3145178130421674,0.28725468123816944,0.3441980573797595,0.3145178130421674,0.3145178130421674,0.3145178130421674,0.3145178130421674,0.3145178130421674,0.3441980573797595,0.3145178130421674,0.28725468123816944,0.3145178130421674,0.31772754872928605,0.3145178130421674,0.3145178130421674,0.3441980573797595,0.015498671336049655
ivy-2.0.csv mcc,0.04618219594301008,0.08625797010529637,0.09423597613780445,0.09423597613780445,0.09423597613780445,0.09423597613780445,0.09423597613780445,0.09423597613780445,0.03873258341257217,0.03873258341257217,0.03873258341257217,0.06622008302415322,0.07753211897002774,0.09423597613780445,0.09423597613780445,0.09423597613780445,0.023966391335518644
ivy-2.0.csv mcc,0.3326429632446305,0.3326429632446305,0.3208756136266666,0.3326429632446305,0.3326429632446305,0.3326429632446305,0.3326429632446305,0.3326429632446305,0.3326429632446305,0.3326429632446305,0.3208756136266666,0.3326429632446305,0.3314662282828341,0.3326429632446305,0.3326429632446305,0.3326429632446305,0.0035302048853891655
ivy-2.0.csv mcc,0.18831474866522427,0.18831474866522427,0.18831474866522427,0.1992702853326139,0.1992702853326139,0.18831474866522427,0.18831474866522427,0.18831474866522427,0.18831474866522427,0.18831474866522427,0.18831474866522427,0.18831474866522427,0.1905058559987022,0.18831474866522427,0.18831474866522427,0.1992702853326139,0.004382214666955853
ivy-2.0.csv mcc,0.41489750154394095,0.41489750154394095,0.4323624302011226,0.4323624302011226,0.41489750154394095,0.41489750154394095,0.36010935028783336,0.41489750154394095,0.41489750154394095,0.41489750154394095,0.36010935028783336,0.41489750154394095,0.4129116721497665,0.41489750154394095,0.41489750154394095,0.4323624302011226,0.018900671417268065
ivy-2.0.csv mcc,0.3355778053330339,0.3355778053330339,0.3355778053330339,0.44189948623062875,0.3355778053330339,0.3355778053330339,0.44189948623062875,0.3355778053330339,0.34885292289743003,0.3355778053330339,0.3355778053330339,0.3355778053330339,0.35816965326899247,0.3355778053330339,0.34221536411523196,0.44189948623062875,0.04204867711654405
ivy-2.0.csv mcc,0.4873345800519849,0.4873345800519849,0.5385880099510287,0.43427843259688786,0.5385880099510287,0.5385880099510287,0.4873345800519849,0.5385880099510287,0.4873345800519849,0.5385880099510287,0.43427843259688786,0.4873345800519849,0.507655680255997,0.5129612950015068,0.5385880099510287,0.5385880099510287,0.03438030545216687
ivy-2.0.csv mcc,0.29133781175574935,0.29133781175574935,0.27567450202582355,0.29133781175574935,0.29133781175574935,0.29133781175574935,0.27567450202582355,0.29133781175574935,0.29133781175574935,0.29133781175574935,0.27567450202582355,0.29133781175574935,0.2882051498097642,0.29133781175574935,0.29133781175574935,0.29133781175574935,0.00626532389197032
ivy-2.0.csv mcc,0.24783266632724435,0.28811805875703544,0.27372361314785815,0.20758816655786405,0.27372361314785815,0.27372361314785815,0.26033965402846776,0.27372361314785815,0.26033965402846776,0.26033965402846776,0.20758816655786405,0.26033965402846776,0.261945230631898,0.26703163358816295,0.27372361314785815,0.28811805875703544,0.020979815598634682
ivy-2.0.csv mcc,0.13738529668475558,0.13738529668475558,0.20889321750018164,0.13738529668475558,0.13738529668475558,0.13738529668475558,0.21865400575764005,0.13738529668475558,0.13738529668475558,0.21865400575764005,0.13738529668475558,0.13738529668475558,0.1607898305808751,0.13738529668475558,0.1731392570924686,0.21865400575764005,0.03583973607484498
jedit-4.0.csv mcc,0.5203560145530106,0.5480234862724518,0.5203560145530106,0.5203560145530106,0.5203560145530106,0.5203560145530106,0.5070724870494426,0.5203560145530106,0.5203560145530106,0.5203560145530106,0.5070724870494426,0.5203560145530106,0.5217944089745981,0.5203560145530106,0.5203560145530106,0.5480234862724518,0.009598183730079295
jedit-4.0.csv mcc,0.31589447701978235,0.3031090215484265,0.3031090215484265,0.31589447701978235,0.31589447701978235,0.31589447701978235,0.3031090215484265,0.3031090215484265,0.3031090215484265,0.31589447701978235,0.3031090215484265,0.3031090215484265,0.30950174928410445,0.30950174928410445,0.31589447701978235,0.31589447701978235,0.006392727735677921
jedit-4.0.csv mcc,0.4325943646302822,0.4325943646302822,0.4325943646302822,0.4325943646302822,0.4325943646302822,0.4325943646302822,0.4325943646302822,0.4325943646302822,0.4325943646302822,0.4325943646302822,0.4325943646302822,0.4325943646302822,0.4325943646302822,0.4325943646302822,0.4325943646302822,0.4325943646302822,0.0
jedit-4.0.csv mcc,0.4114989568638858,0.4527977118790583,0.3602964610897265,0.3947274467733753,0.41313244237816915,0.3947274467733753,0.4868208872931821,0.37714285714285717,0.41313244237816915,0.3947274467733753,0.3602964610897265,0.3947274467733753,0.4099004099345175,0.40311320181863053,0.41313244237816915,0.4868208872931821,0.034647728944460644
jedit-4.0.csv mcc,0.3600927615168096,0.3488561610721709,0.3600927615168096,0.31638855705885655,0.37158400843507156,0.38334908600273254,0.3600927615168096,0.3488561610721709,0.32762513180524,0.3488561610721709,0.31638855705885655,0.3488561610721709,0.3525793551068842,0.35447446129449023,0.3600927615168096,0.38334908600273254,0.018577891862564627
jedit-4.0.csv mcc,0.32687551744728055,0.3126670646525202,0.32687551744728055,0.32687551744728055,0.32687551744728055,0.32687551744728055,0.3126670646525202,0.34146361826320915,0.34146361826320915,0.34146361826320915,0.3126670646525202,0.32687551744728055,0.328410257133107,0.32687551744728055,0.3341695678552449,0.34146361826320915,0.010092789796961231
jedit-4.0.csv mcc,0.35401920553915367,0.3882865835590388,0.37741470621203443,0.3882865835590388,0.3994062831723785,0.3882865835590388,0.35401920553915367,0.36514837167011077,0.3882865835590388,0.36514837167011077,0.35401920553915367,0.36514837167011077,0.37683024780390967,0.3828506448855366,0.3882865835590388,0.3994062831723785,0.015325238134352073
jedit-4.0.csv mcc,0.39413618001695416,0.39413618001695416,0.4130208238668442,0.4130208238668442,0.39413618001695416,0.38012157574854283,0.4130208238668442,0.38012157574854283,0.38012157574854283,0.4130208238668442,0.38012157574854283,0.3871288778827485,0.39748565627638677,0.39413618001695416,0.4130208238668442,0.4130208238668442,0.013796943790652513
jedit-4.0.csv mcc,0.44635672201519494,0.44635672201519494,0.48434748211153195,0.4015652534011047,0.37426489907143223,0.44635672201519494,0.41134941789017704,0.44635672201519494,0.38416555320174556,0.44635672201519494,0.37426489907143223,0.4064573356456409,0.4287476215751965,0.44635672201519494,0.44635672201519494,0.48434748211153195,0.03261786793474438
jedit-4.0.csv mcc,0.41656584273728936,0.41656584273728936,0.41656584273728936,0.41656584273728936,0.41656584273728936,0.41656584273728936,0.41656584273728936,0.41656584273728936,0.41656584273728936,0.41656584273728936,0.41656584273728936,0.41656584273728936,0.4165658427372893,0.41656584273728936,0.41656584273728936,0.41656584273728936,5.551115123125783e-17
jedit-4.1.csv mcc,0.432933870955343,0.45026055007193627,0.432933870955343,0.4163335650822513,0.432933870955343,0.432933870955343,0.4673413197446463,0.432933870955343,0.432933870955343,0.4163335650822513,0.4163335650822513,0.432933870955343,0.4347872225713143,0.432933870955343,0.432933870955343,0.4673413197446463,0.014145237818552545
jedit-4.1.csv mcc,0.6362053785116147,0.6670170091506028,0.6670170091506028,0.6670170091506028,0.6670170091506028,0.6670170091506028,0.6670170091506028,0.6670170091506028,0.6670170091506028,0.6362053785116147,0.6362053785116147,0.6670170091506028,0.6608546830228051,0.6670170091506028,0.6670170091506028,0.6670170091506028,0.012324652255595226
jedit-4.1.csv mcc,0.43986543313709,0.43986543313709,0.43986543313709,0.43986543313709,0.43986543313709,0.43986543313709,0.43986543313709,0.43986543313709,0.43986543313709,0.43986543313709,0.43986543313709,0.43986543313709,0.43986543313709003,0.43986543313709,0.43986543313709,0.43986543313709,5.551115123125783e-17
jedit-4.1.csv mcc,0.44373597767155654,0.44373597767155654,0.41299974347745916,0.42777092034513614,0.36752843414099645,0.39873006543496115,0.459860017392488,0.4740612223681573,0.41299974347745916,0.44373597767155654,0.36752843414099645,0.41299974347745916,0.4285158079651327,0.43575344900834634,0.44373597767155654,0.4740612223681573,0.029732989307203028
jedit-4.1.csv mcc,0.48987807312901777,0.45129209222161404,0.45129209222161404,0.47012673565450036,0.48987807312901777,0.45129209222161404,0.47012673565450036,0.45129209222161404,0.45129209222161404,0.45129209222161404,0.45129209222161404,0.45129209222161404,0.46277621708967204,0.45129209222161404,0.47012673565450036,0.48987807312901777,0.015389581514159185
jedit-4.1.csv mcc,0.41234084205299143,0.41234084205299143,0.43642363254587213,0.40515265251628246,0.41234084205299143,0.40515265251628246,0.41234084205299143,0.40070636286081196,0.41234084205299143,0.4242401555023819,0.40070636286081196,0.40874674728463695,0.4133379666206588,0.41234084205299143,0.41234084205299143,0.43642363254587213,0.009748503106430923
jedit-4.1.csv mcc,0.4956944479169939,0.5221036585365854,0.5395680248289018,0.5052132344392884,0.5221036585365854,0.5221036585365854,0.5221036585365854,0.5395680248289018,0.5052132344392884,0.4956944479169939,0.4956944479169939,0.5052132344392884,0.516936604851671,0.5221036585365854,0.5221036585365854,0.5395680248289018,0.015193713850239186
jedit-4.1.csv mcc,0.4001629314986794,0.3864304512430573,0.4001629314986794,0.4001629314986794,0.3864304512430573,0.3864304512430573,0.3864304512430573,0.370795294147271,0.4001629314986794,0.3864304512430573,0.370795294147271,0.3864304512430573,0.3903599276357275,0.3864304512430573,0.4001629314986794,0.4001629314986794,0.009188984416618586
jedit-4.1.csv mcc,0.4265855870879439,0.4265855870879439,0.474251534031415,0.4265855870879439,0.4265855870879439,0.4265855870879439,0.4265855870879439,0.4265855870879439,0.4265855870879439,0.4265855870879439,0.4265855870879439,0.4265855870879439,0.43135218178229107,0.4265855870879439,0.4265855870879439,0.474251534031415,0.01429978408304133
jedit-4.1.csv mcc,0.36334766948211,0.36334766948211,0.36334766948211,0.36334766948211,0.36334766948211,0.36334766948211,0.36334766948211,0.36334766948211,0.36334766948211,0.36334766948211,0.36334766948211,0.36334766948211,0.36334766948210995,0.36334766948211,0.36334766948211,0.36334766948211,5.551115123125783e-17
ant-1.7.csv mcc,0.43542168681514387,0.44817187263537067,0.43515777250425286,0.47335941794359204,0.46085127853657143,0.46070017700035704,0.42928340290744316,0.42928340290744316,0.44796752814632246,0.4416486659213949,0.42928340290744316,0.43528972965969837,0.4461845205317892,0.4448080970338587,0.4544360248178638,0.47335941794359204,0.014144677796220567
ant-1.7.csv mcc,0.40090063515789987,0.3946203605166635,0.40213761427699096,0.40213761427699096,0.3946203605166635,0.40213761427699096,0.42319084902693876,0.40213761427699096,0.39604390812589013,0.4219334180740299,0.3946203605166635,0.398472271641895,0.40398599885260494,0.40213761427699096,0.40213761427699096,0.42319084902693876,0.009760270827210382
ant-1.7.csv mcc,0.45547649811714386,0.4433810989145261,0.46001410382704505,0.4433810989145261,0.46001410382704505,0.4374576800013684,0.4374576800013684,0.45822363258502,0.425845721223036,0.4391878384380247,0.425845721223036,0.43832275921969654,0.44604394558491034,0.4433810989145261,0.45685006535108197,0.46001410382704505,0.011154606026296629
ant-1.7.csv mcc,0.4297937164276133,0.4603443209683814,0.4410821467482658,0.46450183181563637,0.45460737755077923,0.43232098574892736,0.4410821467482658,0.44682826692006966,0.46615174396374615,0.4354046928796737,0.4297937164276133,0.43824341981396975,0.44721172297713585,0.4439552068341677,0.4574758492595803,0.46615174396374615,0.012746177898933666
ant-1.7.csv mcc,0.43293529235700157,0.43293529235700157,0.43293529235700157,0.41996052556580804,0.4541453787260766,0.4463553053432418,0.44899391276834716,0.43293529235700157,0.44095855184409843,0.41172520598792656,0.41172520598792656,0.43293529235700157,0.43538800496635055,0.43293529235700157,0.4436569285936701,0.4541453787260766,0.012289307711487826
ant-1.7.csv mcc,0.4557985228648479,0.4682878220638234,0.46929762635678607,0.48320795503181796,0.4636901997944175,0.4557985228648479,0.4725830391038163,0.4682878220638234,0.4557985228648479,0.48511103021477975,0.4557985228648479,0.4597443613296327,0.4677861063223808,0.4682878220638234,0.4709403327303012,0.48511103021477975,0.010058170914875071
ant-1.7.csv mcc,0.44637629827740327,0.4531180688339389,0.44637629827740327,0.44637629827740327,0.4397379843031797,0.44637629827740327,0.4267567126900483,0.4397379843031797,0.4267567126900483,0.4397379843031797,0.4267567126900483,0.4397379843031797,0.4411350640233188,0.4430571412902915,0.44637629827740327,0.4531180688339389,0.008202463164655447
ant-1.7.csv mcc,0.3805727118846596,0.39563838854227623,0.364590538605189,0.3560416526102487,0.364590538605189,0.3805727118846596,0.3725834023819931,0.35894028937744216,0.3975300274552809,0.39563838854227623,0.3560416526102487,0.364590538605189,0.3766698649889214,0.37657805713332637,0.38810555021346793,0.3975300274552809,0.014945236710084216
ant-1.7.csv mcc,0.42624646368013624,0.41553745048459223,0.4295543257329718,0.4316969078960877,0.42624646368013624,0.4208606553096765,0.4208606553096765,0.4316969078960877,0.40679331587661366,0.44025416620729974,0.40679331587661366,0.4208606553096765,0.42497473120732787,0.42624646368013624,0.43062561681452977,0.44025416620729974,0.008952771177815259
ant-1.7.csv mcc,0.4693698573321828,0.4437718648505166,0.48207608498058013,0.49512881364026246,0.48245415815467785,0.4502946932612554,0.47586587708653466,0.49512881364026246,0.46311301150259726,0.48245415815467785,0.4437718648505166,0.46624143441739,0.4739657332603547,0.4789709810335574,0.48245415815467785,0.49512881364026246,0.016492842318957538
camel-1.6.csv mcc,0.2756389019891268,0.27241533328986484,0.2756389019891268,0.27888177414617654,0.2756389019891268,0.28407291100277726,0.2692105946126201,0.2660242224679082,0.27888177414617654,0.2756389019891268,0.2660242224679082,0.27402711763949583,0.2752042217622031,0.2756389019891268,0.2772603380676517,0.28407291100277726,0.0048418185827325474
camel-1.6.csv mcc,0.2670850626381515,0.2897994057634268,0.2710256284163389,0.24871237619899794,0.25195288944936955,0.259659564593974,0.23315779115491783,0.267347530544424,0.26335912135360995,0.26335912135360995,0.23315779115491783,0.2558062270216718,0.26154584914668205,0.26335912135360995,0.26721629659128776,0.2897994057634268,0.014230990097128124
camel-1.6.csv mcc,0.2855528116099649,0.2675782333671067,0.2783278965726846,0.2786298388056207,0.2893160018416137,0.29256683079531204,0.30690682272702097,0.28208022174170655,0.2853835986646263,0.27109072889199287,0.2675782333671067,0.27847886768915264,0.28374329850176494,0.28373191020316646,0.2874344067257893,0.30690682272702097,0.010635131604552811
camel-1.6.csv mcc,0.23345737014244994,0.2303255872895204,0.224114452305459,0.23345737014244994,0.2387518258232321,0.22721142923513743,0.22721142923513743,0.20337408654705327,0.22103422203952547,0.23565073929415978,0.20337408654705327,0.22566294077029822,0.22745885120541248,0.22876850826232892,0.23345737014244994,0.2387518258232321,0.009526175143580307
camel-1.6.csv mcc,0.25913241017160116,0.24558598384542846,0.2341366013723413,0.2570060760878587,0.2523160568364131,0.25109970661578956,0.24225194617095935,0.24085689210333042,0.23615984542661483,0.2660395678049643,0.2341366013723413,0.24155441913714487,0.24845850864353017,0.248342845230609,0.25466106646213593,0.2660395678049643,0.009893810511358809
camel-1.6.csv mcc,0.2754715194763813,0.28891969247002164,0.2787979055098041,0.2855214044111735,0.2937011603524723,0.2821476737602125,0.2754715194763813,0.2721679497461301,0.26888664414420416,0.2754715194763813,0.26888664414420416,0.2754715194763813,0.2796556988823163,0.27713471249309274,0.283834539085693,0.2937011603524723,0.007409519645010757
camel-1.6.csv mcc,0.24222818167313595,0.23001326072874376,0.23001326072874376,0.22172663516916857,0.25859266492565885,0.23001326072874376,0.24012682288283357,0.2504177112353167,0.234969453053985,0.23336561605579922,0.22172663516916857,0.23001326072874376,0.2371466867182129,0.23416753455489211,0.24117750227798476,0.25859266492565885,0.01039338735034976
camel-1.6.csv mcc,0.24392772777407867,0.24706066976780836,0.2533894081922238,0.24706066976780836,0.2470931554025324,0.2470931554025324,0.26304784590037805,0.24388244324810893,0.2502143856036335,0.2502143856036335,0.24388244324810893,0.24706066976780836,0.24929838466627383,0.2470931554025324,0.2502143856036335,0.26304784590037805,0.005342091895466864
camel-1.6.csv mcc,0.2668726960561721,0.2739292437395307,0.2984360136325791,0.2983187987738292,0.294844542296181,0.2809745023957587,0.31582327673945815,0.32263404766259424,0.2914252607288333,0.31225388643287966,0.2668726960561721,0.28619988156229603,0.29555122684578167,0.2965816705350051,0.3053449500327294,0.32263404766259424,0.017202812716507417
camel-1.6.csv mcc,0.2714114615647355,0.24076460662665516,0.2714114615647355,0.2564825853234467,0.2676334914385644,0.2676334914385644,0.2555386344007621,0.2676334914385644,0.2676334914385644,0.2528239356716356,0.24076460662665516,0.2560106098621044,0.2618966650906228,0.2676334914385644,0.2676334914385644,0.2714114615647355,0.00954632148047918
camel-1.4.csv mcc,0.21021884312061084,0.1986426912853817,0.19107892658954462,0.19484604706291406,0.18734046249956876,0.19107892658954462,0.1986426912853817,0.20632815353005762,0.19484604706291406,0.19107892658954462,0.18734046249956876,0.19107892658954462,0.19641017156154628,0.19484604706291406,0.1986426912853817,0.21021884312061084,0.006866099164782738
camel-1.4.csv mcc,0.1666987137888714,0.1666987137888714,0.1626465111609043,0.15863310434540484,0.1666987137888714,0.1666987137888714,0.15071753175472694,0.1666987137888714,0.1707910591491704,0.1626465111609043,0.15071753175472694,0.1626465111609043,0.16389282865154678,0.1666987137888714,0.1666987137888714,0.1707910591491704,0.005397316960199525
camel-1.4.csv mcc,0.16059720692129748,0.1520021694332159,0.15891602565015348,0.1825990717063018,0.17830330355416993,0.17830330355416993,0.1825990717063018,0.1520021694332159,0.17168372523632155,0.18695234545291362,0.1520021694332159,0.15975661628572546,0.17039583926480611,0.17499351439524574,0.18045118763023588,0.18695234545291362,0.012661452486296599
camel-1.4.csv mcc,0.22965522875019245,0.23040818315822023,0.22531676973991593,0.23557055321129822,0.2202936843286429,0.22531676973991593,0.21533641858934718,0.2247363704391984,0.22965522875019245,0.23040818315822023,0.21533641858934718,0.22502657008955718,0.22666973898651438,0.2274859992450542,0.23003170595420636,0.23557055321129822,0.005490900759450437
camel-1.4.csv mcc,0.12284718759146622,0.12610732166729952,0.13588281058396878,0.14255138995762218,0.12615889133167926,0.1293367777521323,0.16820979815258763,0.15544993530806028,0.14255138995762218,0.14255138995762218,0.12284718759146622,0.12774783454190577,0.13916468922600606,0.13921710027079548,0.14255138995762218,0.16820979815258763,0.013625350914491876
camel-1.4.csv mcc,0.2659080117391552,0.2800817607976411,0.2659080117391552,0.2802176774923527,0.27056923445693376,0.2800817607976411,0.26130728207875836,0.27056923445693376,0.2752930767043735,0.25612710300976516,0.25612710300976516,0.2659080117391552,0.270606315327271,0.27056923445693376,0.2776874187510073,0.2802176774923527,0.007963558378543022
camel-1.4.csv mcc,0.2981597527617129,0.3084224323597994,0.30440881630364514,0.30440881630364514,0.31248041423872186,0.31248041423872186,0.3084224323597994,0.3084224323597994,0.30440881630364514,0.3084224323597994,0.2981597527617129,0.30440881630364514,0.3070036759589289,0.3084224323597994,0.3084224323597994,0.31248041423872186,0.004079897923733583
camel-1.4.csv mcc,0.14403073097890623,0.14403073097890623,0.15794095516089654,0.14745774777830642,0.14063559893411204,0.1544117348497313,0.14063559893411204,0.14403073097890623,0.14403073097890623,0.14745774777830642,0.14063559893411204,0.14403073097890623,0.14646623073510895,0.14403073097890623,0.14745774777830642,0.15794095516089654,0.0053710866593697434
camel-1.4.csv mcc,0.1948671631578642,0.18993225029004043,0.2107253806673285,0.1948671631578642,0.1948671631578642,0.22138136244577558,0.1948671631578642,0.20574285955069993,0.2107253806673285,0.2107253806673285,0.18993225029004043,0.1948671631578642,0.2028701266919958,0.20030501135428208,0.2107253806673285,0.22138136244577558,0.009795977926512836
camel-1.4.csv mcc,0.23290250740689525,0.20282863354317726,0.21203014427637493,0.21203014427637493,0.2214971996662493,0.21672919480604516,0.22633688901067525,0.22816460948708633,0.23290250740689525,0.23770968874413834,0.20282863354317726,0.21437966954121004,0.22231315186239123,0.22391704433846227,0.2305335584469908,0.23770968874413834,0.010652349812000856
ant-1.6.csv mcc,0.3658423062119858,0.3658423062119858,0.3658423062119858,0.3658423062119858,0.3658423062119858,0.3658423062119858,0.3889290391220543,0.3658423062119858,0.3889290391220543,0.3658423062119858,0.3658423062119858,0.3658423062119858,0.3704596527939995,0.3658423062119858,0.3658423062119858,0.3889290391220543,0.009234693164027386
ant-1.6.csv mcc,0.3984095364447979,0.38769905726763276,0.409345994452003,0.3984095364447979,0.3984095364447979,0.4205237821704407,0.3984095364447979,0.3984095364447979,0.38769905726763276,0.3984095364447979,0.38769905726763276,0.3984095364447979,0.3995725109826497,0.3984095364447979,0.3984095364447979,0.4205237821704407,0.0090804713997101
ant-1.6.csv mcc,0.4532039050458153,0.43347003177303306,0.4951238001620802,0.43347003177303306,0.4532039050458153,0.46335924139686374,0.4843060985142457,0.4432445494128105,0.4532039050458153,0.4532039050458153,0.43347003177303306,0.4482242272293129,0.45657893732153276,0.4532039050458153,0.45828157322133956,0.4951238001620802,0.01895227360029669
ant-1.6.csv mcc,0.4607409774736933,0.48660424354470605,0.4700179196952441,0.4711739408761552,0.4700179196952441,0.44688917148792834,0.48196638086924287,0.4700179196952441,0.4700179196952441,0.4700179196952441,0.44688917148792834,0.4700179196952441,0.4697464312727946,0.4700179196952441,0.4705959302856997,0.48660424354470605,0.0101954491770626
ant-1.6.csv mcc,0.4994648736661498,0.5277558332509155,0.5277558332509155,0.5134435484775765,0.5215351497726214,0.5134435484775765,0.5215351497726214,0.5354016380446024,0.5277558332509155,0.5134435484775765,0.4994648736661498,0.5134435484775765,0.5201534956441471,0.5215351497726214,0.5277558332509155,0.5354016380446024,0.009863060612562707
ant-1.6.csv mcc,0.587891535852123,0.5747028576341657,0.5681891741964292,0.5747028576341657,0.5747028576341657,0.5747028576341657,0.5747028576341657,0.5641612605947108,0.5747028576341657,0.5747028576341657,0.5641612605947108,0.5747028576341657,0.5743161974082422,0.5747028576341657,0.5747028576341657,0.587891535852123,0.005709636695123384
ant-1.6.csv mcc,0.4316229677605054,0.45509746834374304,0.4431917620594944,0.4431917620594944,0.4431917620594944,0.4431917620594944,0.4438241199643379,0.4431917620594944,0.45509746834374304,0.45509746834374304,0.4316229677605054,0.4431917620594944,0.44566983030535445,0.4431917620594944,0.4494607941540405,0.45509746834374304,0.00705738040721295
ant-1.6.csv mcc,0.4497232606278461,0.46534481599580285,0.47596436044236207,0.46534481599580285,0.48680813258115774,0.47596436044236207,0.4390550871210215,0.46534481599580285,0.46534481599580285,0.4497232606278461,0.4390550871210215,0.4575340383118245,0.46386177258258066,0.46534481599580285,0.47065458821908246,0.48680813258115774,0.013577352680956755
ant-1.6.csv mcc,0.4766406280717671,0.502984255537739,0.489834270762337,0.489834270762337,0.4766406280717671,0.502984255537739,0.4766406280717671,0.4766406280717671,0.4638138002392247,0.4766406280717671,0.4638138002392247,0.4766406280717671,0.4832653993198212,0.4766406280717671,0.489834270762337,0.502984255537739,0.012090365595712605
ant-1.6.csv mcc,0.37916674872319145,0.4032872182771463,0.4032872182771463,0.4032872182771463,0.39185337518854996,0.39085757029442,0.37916674872319145,0.39185337518854996,0.39185337518854996,0.39085757029442,0.37916674872319145,0.39085757029442,0.3925470418432312,0.39185337518854996,0.39757029673284816,0.4032872182771463,0.00843368724795494
ant-1.4.csv mcc,0.2055871393982092,0.2055871393982092,0.22090669958077896,0.2055871393982092,0.2055871393982092,0.2055871393982092,0.22090669958077896,0.22090669958077896,0.2055871393982092,0.22090669958077896,0.2055871393982092,0.2055871393982092,0.2117149634712371,0.2055871393982092,0.22090669958077896,0.22090669958077896,0.007505021106230851
ant-1.4.csv mcc,0.1918851827829536,0.2084407388642473,0.2084407388642473,0.2084407388642473,0.2084407388642473,0.1918851827829536,0.2084407388642473,0.1918851827829536,0.1918851827829536,0.1918851827829536,0.1918851827829536,0.1918851827829536,0.20016296082360047,0.20016296082360047,0.2084407388642473,0.2084407388642473,0.008277778040646847
ant-1.4.csv mcc,0.14874472510979306,0.2128482631286502,0.16268954308883615,0.14874472510979306,0.2128482631286502,0.13492021050777828,0.14874472510979306,0.14874472510979306,0.22660329215945035,0.14874472510979306,0.13492021050777828,0.14874472510979306,0.16936331975623303,0.14874472510979306,0.18776890310874317,0.22660329215945035,0.03227196048678176
ant-1.4.csv mcc,0.16281380762915268,0.18022157322472246,0.19780571488290255,0.18022157322472246,0.14553581095011484,0.19780571488290255,0.14553581095011484,0.19780571488290255,0.14553581095011484,0.14553581095011484,0.14553581095011484,0.14553581095011484,0.16988173425277645,0.17151769042693757,0.1890136440538125,0.19780571488290255,0.0223022916652522
ant-1.4.csv mcc,0.26161897207185647,0.29515317242343886,0.29515317242343886,0.3080315925735889,0.24828153427995792,0.3344619015506871,0.26161897207185647,0.26161897207185647,0.3344619015506871,0.29515317242343886,0.24828153427995792,0.26161897207185647,0.2895553363440807,0.29515317242343886,0.3015923824985139,0.3344619015506871,0.029177776870355505
ant-1.4.csv mcc,0.22895974827703014,0.22895974827703014,0.22895974827703014,0.24764219818702876,0.22895974827703014,0.22895974827703014,0.24764219818702876,0.22895974827703014,0.22895974827703014,0.22895974827703014,0.22895974827703014,0.22895974827703014,0.2326962382590299,0.22895974827703014,0.22895974827703014,0.24764219818702876,0.007472979963999448
ant-1.4.csv mcc,0.030710229313658584,0.1481487493975293,0.030710229313658584,0.030710229313658584,0.1481487493975293,0.1481487493975293,0.19364916731037082,0.1481487493975293,0.011470786693528088,0.10269797953221865,0.011470786693528088,0.030710229313658584,0.09925436190672106,0.12542336446487398,0.1481487493975293,0.19364916731037082,0.0634710427817009
ant-1.4.csv mcc,0.2727908051980943,0.2299162177131317,0.1979319330739661,0.24190654782688908,0.1979319330739661,0.2644707188352459,0.2644707188352459,0.15497115227072963,0.1979319330739661,0.15497115227072963,0.15497115227072963,0.1979319330739661,0.21772931121719644,0.2139240753935489,0.2531886333310675,0.2727908051980943,0.04145760186552237
ant-1.4.csv mcc,0.4967758374108882,0.38950926166782235,0.4967758374108882,0.4402582177842597,0.4967758374108882,0.4402582177842597,0.4967758374108882,0.42279334786688766,0.4967758374108882,0.4967758374108882,0.38950926166782235,0.4402582177842597,0.46734740695685595,0.4967758374108882,0.4967758374108882,0.4967758374108882,0.038350599079301724
ant-1.4.csv mcc,0.3250152621569034,0.3250152621569034,0.2892355630449655,0.2892355630449655,0.2892355630449655,0.3070709418266444,0.2892355630449655,0.2892355630449655,0.2892355630449655,0.2892355630449655,0.2892355630449655,0.2892355630449655,0.298175040745521,0.2892355630449655,0.2981532524358049,0.3250152621569034,0.014419888549431638
ivy-1.4.csv mcc,0.0,-0.015457963192005608,0.00826898230594723,-0.015457963192005608,0.0,-0.007889684472185849,-0.015457963192005608,0.0,-0.007889684472185849,0.0,-0.015457963192005608,-0.011673823832095729,-0.005388427621444128,-0.003944842236092924,0.0,0.00826898230594723,0.007869972467157364
ivy-1.4.csv mcc,0.13300524118594537,0.13300524118594537,0.13300524118594537,0.03021478480190664,0.03021478480190664,0.1442809532268632,0.15640490410377617,0.15640490410377617,0.13300524118594537,0.13300524118594537,0.03021478480190664,0.13300524118594537,0.11825465369679558,0.13300524118594537,0.13864309720640428,0.15640490410377617,0.04492013765105047
ivy-1.4.csv mcc,-0.12078266468517776,-0.12078266468517776,-0.12078266468517776,-0.12078266468517776,-0.12078266468517776,-0.12476628212648741,-0.12078266468517776,-0.12078266468517776,-0.12476628212648741,-0.12078266468517776,-0.12476628212648741,-0.12078266468517776,-0.12157938817343969,-0.12078266468517776,-0.12078266468517776,-0.12078266468517776,0.0015934469765238601
ivy-1.4.csv mcc,0.08817478243551768,0.08817478243551768,0.09602927956259406,0.08817478243551768,0.08817478243551768,0.09602927956259406,0.08817478243551768,0.08817478243551768,0.08817478243551768,0.08817478243551768,0.08817478243551768,0.08817478243551768,0.08974568186093296,0.08817478243551768,0.08817478243551768,0.09602927956259406,0.0031417988508305513
ivy-1.4.csv mcc,0.11383209775310846,0.11383209775310846,0.11383209775310846,0.11383209775310846,0.11383209775310846,0.11383209775310846,0.11383209775310846,0.11383209775310846,0.11383209775310846,0.11383209775310846,0.11383209775310846,0.11383209775310846,0.11383209775310846,0.11383209775310846,0.11383209775310846,0.11383209775310846,0.0
ivy-1.4.csv mcc,0.05384680638418744,0.04671765921511568,0.04671765921511568,0.04671765921511568,0.04671765921511568,0.04671765921511568,0.04671765921511568,0.04671765921511568,0.04671765921511568,0.04671765921511568,0.04671765921511568,0.04671765921511568,0.04743057393202286,0.04671765921511568,0.04671765921511568,0.05384680638418744,0.0021387441507215296
ivy-1.4.csv mcc,-0.08152036322449234,-0.08152036322449234,-0.08152036322449234,-0.08152036322449234,-0.08770580193070292,-0.08152036322449234,-0.08152036322449234,-0.08152036322449234,-0.08152036322449234,-0.08152036322449234,-0.08770580193070292,-0.08152036322449234,-0.08213890709511339,-0.08152036322449234,-0.08152036322449234,-0.08152036322449234,0.0018556316118631731
ivy-1.4.csv mcc,-0.009349469900084572,0.11065353064100368,0.11065353064100368,-0.009349469900084572,0.11065353064100368,-0.009349469900084572,-0.009349469900084572,-0.009349469900084572,-0.009349469900084572,-0.009349469900084572,-0.009349469900084572,-0.009349469900084572,0.026651430262241906,-0.009349469900084572,0.05065203037045955,0.11065353064100368,0.05499228336013635
ivy-1.4.csv mcc,0.0899947938401996,0.0899947938401996,0.0899947938401996,0.0899947938401996,0.0899947938401996,0.0899947938401996,0.0899947938401996,0.0899947938401996,0.09646669656618484,0.09646669656618484,0.0899947938401996,0.0899947938401996,0.09128917438539666,0.0899947938401996,0.0899947938401996,0.09646669656618484,0.002588761090394098
ivy-1.4.csv mcc,0.16961095846718421,0.16961095846718421,0.16961095846718421,0.16961095846718421,0.16961095846718421,0.16961095846718421,0.16961095846718421,0.16961095846718421,0.16961095846718421,0.16961095846718421,0.16961095846718421,0.16961095846718421,0.16961095846718424,0.16961095846718421,0.16961095846718421,0.16961095846718421,2.7755575615628914e-17
camel-1.0.csv mcc,0.16244404302766074,0.16244404302766074,0.16244404302766074,0.16957421302297562,0.16957421302297562,0.16244404302766074,0.16957421302297562,0.16957421302297562,0.16957421302297562,0.16957421302297562,0.16244404302766074,0.16244404302766074,0.16672214502484967,0.16957421302297562,0.16957421302297562,0.16957421302297562,0.0034930556535648347
camel-1.0.csv mcc,0.17112632301593833,0.17112632301593833,0.17112632301593833,0.17112632301593833,0.17112632301593833,0.17112632301593833,0.17112632301593833,0.17112632301593833,0.17112632301593833,0.17112632301593833,0.17112632301593833,0.17112632301593833,0.17112632301593833,0.17112632301593833,0.17112632301593833,0.17112632301593833,0.0
camel-1.0.csv mcc,0.06570257569201882,0.06570257569201882,0.06570257569201882,0.06570257569201882,0.06570257569201882,0.06570257569201882,0.06570257569201882,0.06570257569201882,0.06570257569201882,0.06570257569201882,0.06570257569201882,0.06570257569201882,0.06570257569201883,0.06570257569201882,0.06570257569201882,0.06570257569201882,1.3877787807814457e-17
camel-1.0.csv mcc,-0.12016264586386667,-0.12016264586386667,-0.12016264586386667,-0.12243917323949478,-0.12243917323949478,-0.12016264586386667,-0.12016264586386667,-0.12016264586386667,-0.12016264586386667,-0.12016264586386667,-0.12243917323949478,-0.12016264586386667,-0.1206179513389923,-0.12016264586386667,-0.12016264586386667,-0.12016264586386667,0.0009106109502512449
camel-1.0.csv mcc,0.04463547754827117,0.04463547754827117,0.04463547754827117,0.04463547754827117,0.04463547754827117,0.04463547754827117,0.04463547754827117,0.04463547754827117,0.04463547754827117,0.04463547754827117,0.04463547754827117,0.04463547754827117,0.04463547754827117,0.04463547754827117,0.04463547754827117,0.04463547754827117,0.0
camel-1.0.csv mcc,0.07336015538951297,0.07336015538951297,0.07336015538951297,0.07336015538951297,0.07336015538951297,0.07336015538951297,0.07336015538951297,0.07336015538951297,0.07336015538951297,0.07336015538951297,0.07336015538951297,0.07336015538951297,0.07336015538951299,0.07336015538951297,0.07336015538951297,0.07336015538951297,1.3877787807814457e-17
camel-1.0.csv mcc,0.1108011367981975,0.1108011367981975,0.1108011367981975,0.09719281048592066,0.1108011367981975,0.1108011367981975,0.1108011367981975,0.1108011367981975,0.1108011367981975,0.1108011367981975,0.09719281048592066,0.1108011367981975,0.10944030416696982,0.1108011367981975,0.1108011367981975,0.1108011367981975,0.004082497893683055
camel-1.0.csv mcc,0.025288947385360985,0.019905695222630908,0.019905695222630908,0.019905695222630908,0.019905695222630908,0.019905695222630908,0.019905695222630908,0.014789275156935228,0.019905695222630908,0.019905695222630908,0.014789275156935228,0.019905695222630908,0.01993237843233435,0.019905695222630908,0.019905695222630908,0.025288947385360985,0.0023484045264687827
camel-1.0.csv mcc,0.22336681185013915,0.22336681185013915,0.22336681185013915,0.22336681185013915,0.22336681185013915,0.22336681185013915,0.22336681185013915,0.22336681185013915,0.22336681185013915,0.22336681185013915,0.22336681185013915,0.22336681185013915,0.22336681185013915,0.22336681185013915,0.22336681185013915,0.22336681185013915,0.0
camel-1.0.csv mcc,0.20519567041703082,0.196227812235748,0.196227812235748,0.196227812235748,0.20519567041703082,0.196227812235748,0.196227812235748,0.196227812235748,0.196227812235748,0.20519567041703082,0.196227812235748,0.196227812235748,0.19891816969013282,0.196227812235748,0.20071174132638941,0.20519567041703082,0.004109588893735752
ant-1.5.csv mcc,0.29870838943143485,0.2838277400588886,0.2838277400588886,0.29870838943143485,0.2838277400588886,0.2838277400588886,0.29870838943143485,0.29870838943143485,0.2838277400588886,0.2838277400588886,0.2838277400588886,0.2838277400588886,0.2897799998079071,0.2838277400588886,0.29870838943143485,0.29870838943143485,0.00728999960080099
ant-1.5.csv mcc,0.21038007181507823,0.21038007181507823,0.21038007181507823,0.21038007181507823,0.21038007181507823,0.21038007181507823,0.21038007181507823,0.21038007181507823,0.21038007181507823,0.21038007181507823,0.21038007181507823,0.21038007181507823,0.2103800718150782,0.21038007181507823,0.21038007181507823,0.21038007181507823,2.7755575615628914e-17
ant-1.5.csv mcc,0.19189516982874052,0.19189516982874052,0.17805828280725697,0.17805828280725697,0.20657594529036283,0.19189516982874052,0.2222312407982379,0.19189516982874052,0.20657594529036283,0.19189516982874052,0.17805828280725697,0.19189516982874052,0.195097554613718,0.19189516982874052,0.1992355575595517,0.2222312407982379,0.012773776810151223
ant-1.5.csv mcc,0.12579913651714947,0.12579913651714947,0.12579913651714947,0.12579913651714947,0.12579913651714947,0.12579913651714947,0.12579913651714947,0.12579913651714947,0.12579913651714947,0.12579913651714947,0.12579913651714947,0.12579913651714947,0.12579913651714944,0.12579913651714947,0.12579913651714947,0.12579913651714947,2.7755575615628914e-17
ant-1.5.csv mcc,0.32863510950092867,0.32863510950092867,0.32863510950092867,0.32863510950092867,0.32863510950092867,0.32863510950092867,0.32863510950092867,0.32863510950092867,0.32863510950092867,0.32863510950092867,0.32863510950092867,0.32863510950092867,0.32863510950092867,0.32863510950092867,0.32863510950092867,0.32863510950092867,0.0
ant-1.5.csv mcc,0.4738733289319046,0.4738733289319046,0.4738733289319046,0.4738733289319046,0.4738733289319046,0.4738733289319046,0.4738733289319046,0.4738733289319046,0.4738733289319046,0.4738733289319046,0.4738733289319046,0.4738733289319046,0.4738733289319047,0.4738733289319046,0.4738733289319046,0.4738733289319046,1.1102230246251565e-16
ant-1.5.csv mcc,0.4105140721094128,0.4105140721094128,0.4105140721094128,0.4105140721094128,0.4105140721094128,0.4105140721094128,0.4105140721094128,0.4105140721094128,0.4105140721094128,0.4105140721094128,0.4105140721094128,0.4105140721094128,0.4105140721094128,0.4105140721094128,0.4105140721094128,0.4105140721094128,0.0
ant-1.5.csv mcc,0.0629083777605334,0.0629083777605334,0.0629083777605334,0.0629083777605334,0.08451915214902134,0.07343468193540315,0.07343468193540315,0.08451915214902134,0.07343468193540315,0.0629083777605334,0.0629083777605334,0.0629083777605334,0.07038842389069191,0.06817152984796827,0.07343468193540315,0.08451915214902134,0.008408028764180696
ant-1.5.csv mcc,0.2640084484055256,0.2640084484055256,0.235332092756055,0.2640084484055256,0.2640084484055256,0.2640084484055256,0.2640084484055256,0.2640084484055256,0.2640084484055256,0.2640084484055256,0.235332092756055,0.2640084484055256,0.26114081284057855,0.2640084484055256,0.2640084484055256,0.2640084484055256,0.008602906694841189
ant-1.5.csv mcc,0.19080002397076273,0.19080002397076273,0.19080002397076273,0.20221040829389214,0.19080002397076273,0.19080002397076273,0.20221040829389214,0.19080002397076273,0.19080002397076273,0.19080002397076273,0.19080002397076273,0.19080002397076273,0.19308210083538863,0.19080002397076273,0.19080002397076273,0.20221040829389214,0.004564153729251764
ant-1.3.csv mcc,-0.02330206912141852,-0.05847053462046861,-0.05847053462046861,-0.04134491152973615,-0.05847053462046861,-0.05847053462046861,-0.05847053462046861,-0.05847053462046861,-0.04134491152973615,-0.05847053462046861,-0.05847053462046861,-0.05847053462046861,-0.05152856345241711,-0.05847053462046861,-0.049907723075102384,-0.02330206912141852,0.011582250476781061
ant-1.3.csv mcc,0.24342105263157895,0.24342105263157895,0.24342105263157895,0.3520133336555333,0.24342105263157895,0.24342105263157895,0.24342105263157895,0.24342105263157895,0.24342105263157895,0.24342105263157895,0.24342105263157895,0.24342105263157895,0.25428028073397435,0.24342105263157895,0.24342105263157895,0.3520133336555333,0.03257768430718629
ant-1.3.csv mcc,0.12686920447123276,0.2415705186879654,0.12686920447123276,0.12686920447123276,0.2415705186879654,0.2415705186879654,0.12686920447123276,0.2415705186879654,0.12686920447123276,0.12686920447123276,0.12686920447123276,0.12686920447123276,0.1727497301579258,0.12686920447123276,0.2415705186879654,0.2415705186879654,0.05619193853152738
ant-1.3.csv mcc,-0.1777046633277277,-0.028298423998533925,-0.028298423998533925,-0.028298423998533925,-0.1777046633277277,-0.028298423998533925,-0.1777046633277277,-0.1640825308284734,-0.028298423998533925,-0.1777046633277277,-0.1777046633277277,-0.1777046633277277,-0.10163933041320536,-0.09619047741350367,-0.028298423998533925,-0.028298423998533925,0.0734420421368563
ant-1.3.csv mcc,0.17039954414774924,0.17039954414774924,0.17039954414774924,0.17039954414774924,0.17039954414774924,0.17039954414774924,0.22407787281740799,0.22407787281740799,0.17039954414774924,0.17039954414774924,0.17039954414774924,0.17039954414774924,0.18113520988168103,0.17039954414774924,0.17039954414774924,0.22407787281740799,0.021471331467863498
ant-1.3.csv mcc,0.45226701686664544,0.45226701686664544,0.45226701686664544,0.45226701686664544,0.45226701686664544,0.45226701686664544,0.45226701686664544,0.45226701686664544,0.45226701686664544,0.45226701686664544,0.45226701686664544,0.45226701686664544,0.4522670168666455,0.45226701686664544,0.45226701686664544,0.45226701686664544,5.551115123125783e-17
ant-1.3.csv mcc,0.2717521438652905,0.2996322772069248,0.2717521438652905,0.2717521438652905,0.2717521438652905,0.2717521438652905,0.2717521438652905,0.2717521438652905,0.2717521438652905,0.2717521438652905,0.2717521438652905,0.2717521438652905,0.27454015719945396,0.2717521438652905,0.2717521438652905,0.2996322772069248,0.00836404000249029
ant-1.3.csv mcc,0.563092506371473,0.563092506371473,0.28205128205128205,0.28205128205128205,0.563092506371473,0.563092506371473,0.28205128205128205,0.3721042037676254,0.28205128205128205,0.28205128205128205,0.28205128205128205,0.28205128205128205,0.40347306395099275,0.3270777429094537,0.563092506371473,0.563092506371473,0.1328960934648601
ant-1.3.csv mcc,0.20618705424112047,0.20618705424112047,0.20618705424112047,0.20618705424112047,0.20618705424112047,0.20618705424112047,0.20618705424112047,0.20618705424112047,0.20618705424112047,0.20618705424112047,0.20618705424112047,0.20618705424112047,0.20618705424112047,0.20618705424112047,0.20618705424112047,0.20618705424112047,0.0
ant-1.3.csv mcc,0.2415705186879654,0.2415705186879654,0.2415705186879654,0.2415705186879654,0.2415705186879654,0.2415705186879654,0.2415705186879654,0.2415705186879654,0.2415705186879654,0.2415705186879654,0.2415705186879654,0.2415705186879654,0.2415705186879654,0.2415705186879654,0.2415705186879654,0.2415705186879654,0.0
jedit-4.2.csv mcc,0.22664652120454037,0.22664652120454037,0.236227795630767,0.22664652120454037,0.17548350532571264,0.22664652120454037,0.22664652120454037,0.22664652120454037,0.22664652120454037,0.17548350532571264,0.17548350532571264,0.22664652120454037,0.2173720454713975,0.22664652120454037,0.22664652120454037,0.236227795630767,0.021135160765933296
jedit-4.2.csv mcc,0.3723687062479172,0.3607296457554096,0.3495486113511339,0.3723687062479172,0.33878752066649426,0.3495486113511339,0.3284123856604615,0.3607296457554096,0.3495486113511339,0.3607296457554096,0.3284123856604615,0.3495486113511339,0.35427720901424203,0.3551391285532718,0.3607296457554096,0.3723687062479172,0.013249546421744928
jedit-4.2.csv mcc,0.29791096608345213,0.32519694676214156,0.30665808907287806,0.3157436276225942,0.3157436276225942,0.30665808907287806,0.30665808907287806,0.30665808907287806,0.29791096608345213,0.3157436276225942,0.29791096608345213,0.30665808907287806,0.3094882118088341,0.30665808907287806,0.3157436276225942,0.32519694676214156,0.008150206444111926
jedit-4.2.csv mcc,0.4684172890524581,0.4684172890524581,0.4468614629631135,0.47970727938743346,0.4913721122511258,0.457476485404553,0.457476485404553,0.47970727938743346,0.4684172890524581,0.5143338338461885,0.4468614629631135,0.4629468872285055,0.4732186805801775,0.4684172890524581,0.47970727938743346,0.5143338338461885,0.018340401191625975
jedit-4.2.csv mcc,0.5389437177134618,0.5000418062143345,0.5389437177134618,0.5389437177134618,0.5000418062143345,0.5389437177134618,0.5000418062143345,0.5389437177134618,0.5000418062143345,0.5389437177134618,0.5000418062143345,0.5000418062143345,0.5233829531138109,0.5389437177134618,0.5389437177134618,0.5389437177134618,0.01905796663835429
jedit-4.2.csv mcc,0.263459834266564,0.263459834266564,0.263459834266564,0.263459834266564,0.2749085349206,0.263459834266564,0.2749085349206,0.2749085349206,0.263459834266564,0.263459834266564,0.263459834266564,0.263459834266564,0.26689444446277477,0.263459834266564,0.269184184593582,0.2749085349206,0.005246453735601052
jedit-4.2.csv mcc,0.48335017569511407,0.4951038168482307,0.48335017569511407,0.48335017569511407,0.48335017569511407,0.48335017569511407,0.48335017569511407,0.48335017569511407,0.48335017569511407,0.48335017569511407,0.48335017569511407,0.48335017569511407,0.4845255398104257,0.48335017569511407,0.48335017569511407,0.4951038168482307,0.0035260923459349836
jedit-4.2.csv mcc,0.22040106656140943,0.22813833729816776,0.22040106656140943,0.23606260590650965,0.22813833729816776,0.22813833729816776,0.22813833729816776,0.22040106656140943,0.22040106656140943,0.22040106656140943,0.22040106656140943,0.22040106656140943,0.2250621287906228,0.2242697019297886,0.22813833729816776,0.23606260590650965,0.005171945837184649
jedit-4.2.csv mcc,0.3835706411883073,0.37293449104963017,0.37293449104963017,0.37293449104963017,0.37293449104963017,0.37293449104963017,0.3835706411883073,0.36263192869466454,0.37293449104963017,0.3835706411883073,0.36263192869466454,0.37293449104963017,0.37509507985573676,0.37293449104963017,0.37825256611896874,0.3835706411883073,0.006315413054620175
jedit-4.2.csv mcc,0.32468520027433745,0.3357225099074183,0.32468520027433745,0.31409920977546,0.32468520027433745,0.35933091478279755,0.35933091478279755,0.32468520027433745,0.32468520027433745,0.3357225099074183,0.31409920977546,0.32468520027433745,0.3327632060527579,0.32468520027433745,0.3357225099074183,0.35933091478279755,0.014504540312456737
camel-1.2.csv mcc,0.1937526765025477,0.22134663425319184,0.18906917494423492,0.1937526765025477,0.18906917494423492,0.2087253629133846,0.19111047529463498,0.21879217265965026,0.2012152552594296,0.21628520089826472,0.18906917494423492,0.19243157589859133,0.2023118804172121,0.19748396588098865,0.21250528190582466,0.22134663425319184,0.012223914398578953
camel-1.2.csv mcc,0.22388635759144268,0.22388635759144268,0.23503172818948043,0.24055887541933588,0.2433102881587368,0.22388635759144268,0.21872167969419104,0.20271774688040947,0.23217831269117242,0.2268367261219024,0.20271774688040947,0.22388635759144268,0.2271014429929556,0.22536154185667254,0.23360502044032644,0.2433102881587368,0.011083134235589478
camel-1.2.csv mcc,0.32437330950598314,0.3212651898303742,0.27960727297760063,0.28776825008404544,0.31708725144316274,0.30952595916638187,0.302406505959812,0.3247056611925581,0.35580147551978536,0.2983472622103817,0.27960727297760063,0.3003768840850969,0.3120888137890085,0.3133066053047723,0.32281924966817865,0.35580147551978536,0.020653732316856407
camel-1.2.csv mcc,0.22586431436884696,0.23168251291232486,0.22001064307273657,0.23168251291232486,0.2770093926749886,0.32444016653074104,0.2008044408725916,0.3182205188470599,0.16980212526444438,0.20692090240758276,0.16980212526444438,0.21346577274015965,0.24064375298636415,0.2287734136405859,0.25434595279365674,0.32444016653074104,0.04786455432917212
camel-1.2.csv mcc,0.28872336043577435,0.15631030596302858,0.262327893600208,0.25908023685543347,0.15861755274674302,0.22720364562474527,0.2057985348564662,0.19869664995695502,0.27334258045939824,0.16103800318882594,0.15631030596302858,0.17986732657289048,0.21911387636875784,0.21650109024060574,0.26070406522782075,0.28872336043577435,0.04784088248445132
camel-1.2.csv mcc,0.17381302907618698,0.17381302907618698,0.16116010688606353,0.18137434709685843,0.16932916347117113,0.14417901628364324,0.16116010688606353,0.14417901628364324,0.13690911788026344,0.12425775157315878,0.12425775157315878,0.14417901628364324,0.15701746845132394,0.16116010688606353,0.17157109627367906,0.18137434709685843,0.017749750736767392
camel-1.2.csv mcc,0.25488196992470047,0.2574999385512679,0.26321611204653916,0.2657471210670327,0.27162309348157504,0.23841950251709518,0.2141954493094799,0.24931833654667127,0.25488196992470047,0.2740629181698813,0.2141954493094799,0.25210015323568585,0.25438464115389436,0.2561909542379842,0.2644816165567859,0.2740629181698813,0.01672550040427762
camel-1.2.csv mcc,0.20941176470588235,0.20104312940035382,0.20646482160968652,0.1522084781294381,0.19802950859533489,0.21783245945486837,0.18662152067694776,0.17518436691191935,0.19507015991273183,0.20104312940035382,0.1522084781294381,0.1908458402948398,0.1942909338797517,0.19953631899784435,0.20375397550502017,0.21783245945486837,0.017976731623678008
camel-1.2.csv mcc,0.2973522564865415,0.32514146650980574,0.33313676545253557,0.3220107075602916,0.33391450383877586,0.32912292972378265,0.2413919413919414,0.2772708463520725,0.2813186813186813,0.2892972568861292,0.2413919413919414,0.28530796910240525,0.3029957355520557,0.30968148202341655,0.32713219811679417,0.33391450383877586,0.02923230060135059
camel-1.2.csv mcc,0.06700161741354538,0.08108583775034017,0.07882519432177898,0.06700161741354538,0.06919539764351254,0.10003344677567476,0.06700161741354538,0.06002210109293795,0.07184009119024817,0.08108583775034017,0.06002210109293795,0.06700161741354538,0.07430927587654688,0.07051774441688036,0.07995551603605958,0.10003344677567476,0.010819185149726391
