inputfile,,,,,,,,,,,min,lower,avg,median,upper,max
jedit-3.2.csv pf,0.18840579710144928,0.15942028985507245,0.2898550724637681,0.2753623188405797,0.17391304347826086,0.2028985507246377,0.2028985507246377,0.18840579710144928,0.18840579710144928,0.15942028985507245,0.15942028985507245,0.18115942028985507,0.2028985507246377,0.18840579710144928,0.2028985507246377,0.2898550724637681,0.04250109651772516
jedit-3.2.csv pf,0.2318840579710145,0.2318840579710145,0.2318840579710145,0.18840579710144928,0.21739130434782608,0.2028985507246377,0.2318840579710145,0.2028985507246377,0.21739130434782608,0.2028985507246377,0.18840579710144928,0.2028985507246377,0.21594202898550724,0.21739130434782608,0.2318840579710145,0.2318840579710145,0.015130878998421086
jedit-3.2.csv pf,0.2702702702702703,0.21621621621621623,0.25675675675675674,0.25675675675675674,0.24324324324324326,0.25675675675675674,0.2702702702702703,0.2702702702702703,0.24324324324324326,0.28378378378378377,0.21621621621621623,0.25,0.25675675675675674,0.25675675675675674,0.2702702702702703,0.28378378378378377,0.01813028089864694
jedit-3.2.csv pf,0.15942028985507245,0.17391304347826086,0.15942028985507245,0.2028985507246377,0.21739130434782608,0.15942028985507245,0.15942028985507245,0.2028985507246377,0.18840579710144928,0.14492753623188406,0.14492753623188406,0.15942028985507245,0.17681159420289855,0.16666666666666666,0.1956521739130435,0.21739130434782608,0.023188405797101456
jedit-3.2.csv pf,0.11940298507462686,0.11940298507462686,0.14925373134328357,0.1044776119402985,0.1044776119402985,0.13432835820895522,0.14925373134328357,0.11940298507462686,0.11940298507462686,0.11940298507462686,0.1044776119402985,0.11940298507462686,0.12388059701492535,0.11940298507462686,0.12686567164179105,0.14925373134328357,0.014999814359881923
jedit-3.2.csv pf,0.20689655172413793,0.25862068965517243,0.20689655172413793,0.1896551724137931,0.22413793103448276,0.25862068965517243,0.20689655172413793,0.22413793103448276,0.20689655172413793,0.2413793103448276,0.1896551724137931,0.20689655172413793,0.22241379310344828,0.21551724137931033,0.2327586206896552,0.25862068965517243,0.022413793103448286
jedit-3.2.csv pf,0.27419354838709675,0.22580645161290322,0.22580645161290322,0.1935483870967742,0.1935483870967742,0.22580645161290322,0.20967741935483872,0.22580645161290322,0.20967741935483872,0.22580645161290322,0.1935483870967742,0.20967741935483872,0.22096774193548385,0.22580645161290322,0.22580645161290322,0.27419354838709675,0.02169939362431243
jedit-3.2.csv pf,0.2857142857142857,0.2698412698412698,0.2698412698412698,0.25396825396825395,0.2698412698412698,0.2698412698412698,0.25396825396825395,0.2698412698412698,0.2857142857142857,0.23809523809523808,0.23809523809523808,0.26190476190476186,0.2666666666666666,0.2698412698412698,0.2698412698412698,0.2857142857142857,0.013837774423938643
jedit-3.2.csv pf,0.22950819672131148,0.19672131147540983,0.2459016393442623,0.22950819672131148,0.22950819672131148,0.2459016393442623,0.22950819672131148,0.22950819672131148,0.26229508196721313,0.2786885245901639,0.19672131147540983,0.22950819672131148,0.23770491803278687,0.22950819672131148,0.2459016393442623,0.2786885245901639,0.021057758325680534
jedit-3.2.csv pf,0.109375,0.109375,0.125,0.125,0.125,0.125,0.140625,0.109375,0.109375,0.140625,0.109375,0.109375,0.121875,0.125,0.125,0.140625,0.011692679333668566
ivy-2.0.csv pf,0.12396694214876033,0.08264462809917356,0.1322314049586777,0.10743801652892562,0.11570247933884298,0.09090909090909091,0.10743801652892562,0.11570247933884298,0.11570247933884298,0.08264462809917356,0.08264462809917356,0.09917355371900827,0.10743801652892562,0.1115702479338843,0.11570247933884298,0.1322314049586777,0.016110403875717296
ivy-2.0.csv pf,0.23770491803278687,0.22131147540983606,0.21311475409836064,0.22131147540983606,0.22131147540983606,0.21311475409836064,0.20491803278688525,0.22950819672131148,0.19672131147540983,0.20491803278688525,0.19672131147540983,0.20901639344262296,0.21639344262295085,0.21721311475409835,0.22131147540983606,0.23770491803278687,0.011707259718922704
ivy-2.0.csv pf,0.128,0.136,0.128,0.128,0.12,0.144,0.136,0.128,0.136,0.144,0.12,0.128,0.1328,0.132,0.136,0.144,0.007332121111929341
ivy-2.0.csv pf,0.125,0.13333333333333333,0.11666666666666667,0.11666666666666667,0.10833333333333334,0.11666666666666667,0.10833333333333334,0.11666666666666667,0.1,0.11666666666666667,0.1,0.1125,0.11583333333333334,0.11666666666666667,0.11666666666666667,0.13333333333333333,0.008700255424092123
ivy-2.0.csv pf,0.11711711711711711,0.11711711711711711,0.0990990990990991,0.11711711711711711,0.11711711711711711,0.11711711711711711,0.11711711711711711,0.10810810810810811,0.11711711711711711,0.0990990990990991,0.0990990990990991,0.11261261261261261,0.11261261261261261,0.11711711711711711,0.11711711711711711,0.11711711711711711,0.00726329526873743
ivy-2.0.csv pf,0.11475409836065574,0.12295081967213115,0.11475409836065574,0.11475409836065574,0.14754098360655737,0.13114754098360656,0.12295081967213115,0.13934426229508196,0.13114754098360656,0.12295081967213115,0.11475409836065574,0.11885245901639344,0.1262295081967213,0.12295081967213115,0.13114754098360656,0.14754098360655737,0.01049692497939811
ivy-2.0.csv pf,0.11403508771929824,0.13157894736842105,0.09649122807017543,0.10526315789473684,0.11403508771929824,0.12280701754385964,0.12280701754385964,0.12280701754385964,0.09649122807017543,0.13157894736842105,0.09649122807017543,0.10964912280701754,0.11578947368421051,0.11842105263157894,0.12280701754385964,0.13157894736842105,0.012280701754385963
ivy-2.0.csv pf,0.08928571428571429,0.08928571428571429,0.08928571428571429,0.07142857142857142,0.08928571428571429,0.08035714285714286,0.08928571428571429,0.08928571428571429,0.07142857142857142,0.08928571428571429,0.07142857142857142,0.08482142857142858,0.08482142857142858,0.08928571428571429,0.08928571428571429,0.08928571428571429,0.007198444418123707
ivy-2.0.csv pf,0.0975609756097561,0.10569105691056911,0.11382113821138211,0.11382113821138211,0.11382113821138211,0.08130081300813008,0.08943089430894309,0.10569105691056911,0.0975609756097561,0.0975609756097561,0.08130081300813008,0.0975609756097561,0.10162601626016261,0.1016260162601626,0.10975609756097561,0.11382113821138211,0.01044327851923994
ivy-2.0.csv pf,0.16379310344827586,0.13793103448275862,0.13793103448275862,0.13793103448275862,0.1206896551724138,0.1724137931034483,0.1810344827586207,0.16379310344827586,0.13793103448275862,0.14655172413793102,0.1206896551724138,0.13793103448275862,0.15000000000000002,0.1422413793103448,0.16379310344827586,0.1810344827586207,0.018164920263539205
jedit-4.0.csv pf,0.24691358024691357,0.30864197530864196,0.24691358024691357,0.25925925925925924,0.2222222222222222,0.2716049382716049,0.24691358024691357,0.2716049382716049,0.2716049382716049,0.2345679012345679,0.2222222222222222,0.24691358024691357,0.25802469135802475,0.25308641975308643,0.2716049382716049,0.30864197530864196,0.023063631718851115
jedit-4.0.csv pf,0.1724137931034483,0.22988505747126436,0.20689655172413793,0.2413793103448276,0.2413793103448276,0.2413793103448276,0.19540229885057472,0.21839080459770116,0.20689655172413793,0.21839080459770116,0.1724137931034483,0.20689655172413793,0.21724137931034485,0.21839080459770116,0.23563218390804597,0.2413793103448276,0.02147303642789587
jedit-4.0.csv pf,0.16091954022988506,0.21839080459770116,0.16091954022988506,0.1839080459770115,0.20689655172413793,0.20689655172413793,0.14942528735632185,0.22988505747126436,0.21839080459770116,0.2413793103448276,0.14942528735632185,0.1724137931034483,0.19770114942528735,0.20689655172413793,0.21839080459770116,0.2413793103448276,0.030323921743156138
jedit-4.0.csv pf,0.13095238095238096,0.19047619047619047,0.17857142857142858,0.14285714285714285,0.10714285714285714,0.16666666666666666,0.16666666666666666,0.19047619047619047,0.16666666666666666,0.19047619047619047,0.10714285714285714,0.15476190476190477,0.1630952380952381,0.16666666666666666,0.18452380952380953,0.19047619047619047,0.026646463435237366
jedit-4.0.csv pf,0.2608695652173913,0.29347826086956524,0.20652173913043478,0.20652173913043478,0.18478260869565216,0.2608695652173913,0.22826086956521738,0.20652173913043478,0.2608695652173913,0.15217391304347827,0.15217391304347827,0.20652173913043478,0.22608695652173916,0.21739130434782608,0.2608695652173913,0.29347826086956524,0.0406120471571074
jedit-4.0.csv pf,0.2,0.1875,0.175,0.1875,0.1875,0.1875,0.1875,0.1875,0.15,0.175,0.15,0.18125,0.1825,0.1875,0.1875,0.2,0.012747548783981967
jedit-4.0.csv pf,0.2717391304347826,0.16304347826086957,0.25,0.32608695652173914,0.2608695652173913,0.2608695652173913,0.2717391304347826,0.22826086956521738,0.2717391304347826,0.2608695652173913,0.16304347826086957,0.2554347826086957,0.25652173913043474,0.2608695652173913,0.2717391304347826,0.32608695652173914,0.038948854059062864
jedit-4.0.csv pf,0.18681318681318682,0.17582417582417584,0.15384615384615385,0.16483516483516483,0.16483516483516483,0.18681318681318682,0.16483516483516483,0.17582417582417584,0.17582417582417584,0.15384615384615385,0.15384615384615385,0.16483516483516483,0.17032967032967034,0.17032967032967034,0.17582417582417584,0.18681318681318682,0.011260385457098461
jedit-4.0.csv pf,0.15853658536585366,0.2073170731707317,0.18292682926829268,0.18292682926829268,0.14634146341463414,0.12195121951219512,0.17073170731707318,0.17073170731707318,0.13414634146341464,0.2073170731707317,0.12195121951219512,0.1524390243902439,0.16829268292682925,0.17073170731707318,0.18292682926829268,0.2073170731707317,0.027159826160146446
jedit-4.0.csv pf,0.2375,0.225,0.2375,0.225,0.25,0.2375,0.2375,0.225,0.25,0.175,0.175,0.225,0.22999999999999998,0.2375,0.2375,0.25,0.020310096011589902
jedit-4.1.csv pf,0.12643678160919541,0.14942528735632185,0.14942528735632185,0.14942528735632185,0.14942528735632185,0.14942528735632185,0.14942528735632185,0.14942528735632185,0.12643678160919541,0.12643678160919541,0.12643678160919541,0.13793103448275862,0.1425287356321839,0.14942528735632185,0.14942528735632185,0.14942528735632185,0.010534656770013426
jedit-4.1.csv pf,0.21951219512195122,0.15853658536585366,0.2073170731707317,0.14634146341463414,0.18292682926829268,0.1951219512195122,0.21951219512195122,0.2073170731707317,0.18292682926829268,0.17073170731707318,0.14634146341463414,0.17682926829268292,0.18902439024390244,0.18902439024390244,0.2073170731707317,0.21951219512195122,0.023928557158961687
jedit-4.1.csv pf,0.14634146341463414,0.15853658536585366,0.2804878048780488,0.2073170731707317,0.24390243902439024,0.17073170731707318,0.17073170731707318,0.25609756097560976,0.1951219512195122,0.1951219512195122,0.14634146341463414,0.17073170731707318,0.20243902439024392,0.1951219512195122,0.22560975609756095,0.2804878048780488,0.04231549164121335
jedit-4.1.csv pf,0.1702127659574468,0.14893617021276595,0.1702127659574468,0.13829787234042554,0.14893617021276595,0.1702127659574468,0.13829787234042554,0.11702127659574468,0.18085106382978725,0.1595744680851064,0.11702127659574468,0.14361702127659576,0.15425531914893617,0.15425531914893617,0.1702127659574468,0.18085106382978725,0.018578988506992532
jedit-4.1.csv pf,0.08139534883720931,0.18604651162790697,0.16279069767441862,0.08139534883720931,0.08139534883720931,0.13953488372093023,0.12790697674418605,0.11627906976744186,0.06976744186046512,0.11627906976744186,0.06976744186046512,0.08139534883720931,0.11627906976744184,0.11627906976744186,0.13372093023255816,0.18604651162790697,0.036770670467074176
jedit-4.1.csv pf,0.23333333333333334,0.23333333333333334,0.23333333333333334,0.18888888888888888,0.17777777777777778,0.23333333333333334,0.2222222222222222,0.24444444444444444,0.2222222222222222,0.2,0.17777777777777778,0.2111111111111111,0.2188888888888889,0.22777777777777777,0.23333333333333334,0.24444444444444444,0.02111111111111111
jedit-4.1.csv pf,0.10975609756097561,0.12195121951219512,0.12195121951219512,0.13414634146341464,0.14634146341463414,0.17073170731707318,0.18292682926829268,0.15853658536585366,0.15853658536585366,0.1951219512195122,0.10975609756097561,0.12804878048780488,0.14999999999999997,0.1524390243902439,0.16463414634146342,0.1951219512195122,0.026745990487147937
jedit-4.1.csv pf,0.10526315789473684,0.11578947368421053,0.16842105263157894,0.16842105263157894,0.17894736842105263,0.14736842105263157,0.16842105263157894,0.17894736842105263,0.16842105263157894,0.16842105263157894,0.10526315789473684,0.15789473684210525,0.1568421052631579,0.16842105263157894,0.16842105263157894,0.17894736842105263,0.024663946344968383
jedit-4.1.csv pf,0.23529411764705882,0.17647058823529413,0.1411764705882353,0.12941176470588237,0.16470588235294117,0.16470588235294117,0.18823529411764706,0.2,0.15294117647058825,0.24705882352941178,0.12941176470588237,0.1588235294117647,0.18,0.17058823529411765,0.19411764705882353,0.24705882352941178,0.036470588235294116
jedit-4.1.csv pf,0.18888888888888888,0.2,0.16666666666666666,0.18888888888888888,0.2,0.2111111111111111,0.2222222222222222,0.18888888888888888,0.2222222222222222,0.18888888888888888,0.16666666666666666,0.18888888888888888,0.19777777777777777,0.19444444444444445,0.20555555555555555,0.2222222222222222,0.016329931618554522
ant-1.7.csv pf,0.18552036199095023,0.16289592760180996,0.1583710407239819,0.18099547511312217,0.17647058823529413,0.18099547511312217,0.17647058823529413,0.16289592760180996,0.17194570135746606,0.167420814479638,0.1583710407239819,0.16515837104072398,0.17239819004524887,0.17420814479638008,0.17873303167420815,0.18552036199095023,0.008692023851718801
ant-1.7.csv pf,0.1506849315068493,0.1461187214611872,0.1735159817351598,0.1689497716894977,0.1552511415525114,0.1689497716894977,0.136986301369863,0.1735159817351598,0.1735159817351598,0.1735159817351598,0.136986301369863,0.15296803652968036,0.16210045662100456,0.1689497716894977,0.1735159817351598,0.1735159817351598,0.012955489460375441
ant-1.7.csv pf,0.12844036697247707,0.16055045871559634,0.13302752293577982,0.13761467889908258,0.14678899082568808,0.14220183486238533,0.13302752293577982,0.14678899082568808,0.1651376146788991,0.13761467889908258,0.12844036697247707,0.13532110091743121,0.14311926605504588,0.13990825688073394,0.14678899082568808,0.1651376146788991,0.011385021693569593
ant-1.7.csv pf,0.18357487922705315,0.19806763285024154,0.178743961352657,0.18357487922705315,0.19806763285024154,0.2222222222222222,0.15458937198067632,0.15458937198067632,0.2028985507246377,0.2222222222222222,0.15458937198067632,0.18115942028985507,0.18985507246376812,0.19082125603864736,0.20048309178743962,0.2222222222222222,0.02256095541803984
ant-1.7.csv pf,0.11574074074074074,0.18981481481481483,0.1527777777777778,0.14814814814814814,0.1574074074074074,0.12962962962962962,0.18518518518518517,0.1712962962962963,0.17592592592592593,0.18055555555555555,0.11574074074074074,0.15046296296296297,0.16064814814814815,0.16435185185185186,0.17824074074074076,0.18981481481481483,0.023245167056728137
ant-1.7.csv pf,0.14146341463414633,0.13170731707317074,0.13658536585365855,0.11707317073170732,0.14146341463414633,0.14634146341463414,0.14146341463414633,0.13170731707317074,0.14634146341463414,0.12682926829268293,0.11707317073170732,0.13170731707317074,0.13609756097560974,0.13902439024390245,0.14146341463414633,0.14634146341463414,0.008847979096203435
ant-1.7.csv pf,0.1407766990291262,0.1796116504854369,0.1650485436893204,0.13106796116504854,0.1553398058252427,0.1553398058252427,0.12135922330097088,0.14563106796116504,0.12135922330097088,0.12135922330097088,0.12135922330097088,0.1262135922330097,0.1436893203883495,0.14320388349514562,0.1553398058252427,0.1796116504854369,0.019197786342995328
ant-1.7.csv pf,0.18055555555555555,0.18055555555555555,0.18055555555555555,0.21296296296296297,0.1712962962962963,0.16666666666666666,0.18981481481481483,0.18518518518518517,0.2037037037037037,0.19907407407407407,0.16666666666666666,0.18055555555555555,0.18703703703703703,0.18287037037037035,0.19444444444444445,0.21296296296296297,0.013764878469739356
ant-1.7.csv pf,0.2383177570093458,0.21962616822429906,0.21495327102803738,0.22897196261682243,0.2570093457943925,0.2336448598130841,0.205607476635514,0.22897196261682243,0.20093457943925233,0.19158878504672897,0.19158878504672897,0.2102803738317757,0.22196261682242988,0.22429906542056074,0.23130841121495327,0.2570093457943925,0.018486019107338766
ant-1.7.csv pf,0.16097560975609757,0.14634146341463414,0.15121951219512195,0.16585365853658537,0.17073170731707318,0.14634146341463414,0.15609756097560976,0.16097560975609757,0.15609756097560976,0.17073170731707318,0.14634146341463414,0.15365853658536585,0.15853658536585363,0.15853658536585366,0.16341463414634147,0.17073170731707318,0.008519145949547804
camel-1.6.csv pf,0.3192982456140351,0.36140350877192984,0.3157894736842105,0.34035087719298246,0.2982456140350877,0.3333333333333333,0.3333333333333333,0.35789473684210527,0.3368421052631579,0.3192982456140351,0.2982456140350877,0.3192982456140351,0.3315789473684211,0.3333333333333333,0.3385964912280702,0.36140350877192984,0.018316327208615008
camel-1.6.csv pf,0.3062730627306273,0.2952029520295203,0.31365313653136534,0.28413284132841327,0.31365313653136534,0.2767527675276753,0.28413284132841327,0.3025830258302583,0.26199261992619927,0.3284132841328413,0.26199261992619927,0.28413284132841327,0.2966789667896679,0.2988929889298893,0.30996309963099633,0.3284132841328413,0.019045738598618366
camel-1.6.csv pf,0.2692307692307692,0.27972027972027974,0.28321678321678323,0.2762237762237762,0.2937062937062937,0.2867132867132867,0.2692307692307692,0.3006993006993007,0.2727272727272727,0.24475524475524477,0.24475524475524477,0.27097902097902093,0.2776223776223776,0.27797202797202797,0.284965034965035,0.3006993006993007,0.014685314685314681
camel-1.6.csv pf,0.3698630136986301,0.3664383561643836,0.3184931506849315,0.3116438356164384,0.3561643835616438,0.3493150684931507,0.3458904109589041,0.3458904109589041,0.3321917808219178,0.3595890410958904,0.3116438356164384,0.339041095890411,0.3455479452054794,0.3476027397260274,0.3578767123287671,0.3698630136986301,0.018470940493372324
camel-1.6.csv pf,0.3321554770318021,0.28975265017667845,0.31802120141342755,0.31448763250883394,0.3568904593639576,0.31802120141342755,0.2968197879858657,0.2968197879858657,0.3003533568904594,0.303886925795053,0.28975265017667845,0.29858657243816256,0.3127208480565371,0.30918727915194344,0.31802120141342755,0.3568904593639576,0.019110695806346223
camel-1.6.csv pf,0.2687074829931973,0.24489795918367346,0.2653061224489796,0.3163265306122449,0.22108843537414966,0.24489795918367346,0.25170068027210885,0.22789115646258504,0.2925170068027211,0.22448979591836735,0.22108843537414966,0.23639455782312924,0.25578231292517006,0.24829931972789115,0.26700680272108845,0.3163265306122449,0.02913280694607328
camel-1.6.csv pf,0.32234432234432236,0.31135531135531136,0.30036630036630035,0.3076923076923077,0.34065934065934067,0.336996336996337,0.326007326007326,0.304029304029304,0.32967032967032966,0.3333333333333333,0.30036630036630035,0.30952380952380953,0.32124542124542127,0.3241758241758242,0.3315018315018315,0.34065934065934067,0.013710598734221912
camel-1.6.csv pf,0.30584192439862545,0.3161512027491409,0.31958762886597936,0.3333333333333333,0.281786941580756,0.27147766323024053,0.27835051546391754,0.30584192439862545,0.31958762886597936,0.35051546391752575,0.27147766323024053,0.29381443298969073,0.3082474226804124,0.31099656357388317,0.31958762886597936,0.35051546391752575,0.023860282249951816
camel-1.6.csv pf,0.2827586206896552,0.29310344827586204,0.28620689655172415,0.2793103448275862,0.28620689655172415,0.29310344827586204,0.29310344827586204,0.2896551724137931,0.28620689655172415,0.2793103448275862,0.2793103448275862,0.28448275862068967,0.2868965517241379,0.28620689655172415,0.29137931034482756,0.29310344827586204,0.005067909812654842
camel-1.6.csv pf,0.2572463768115942,0.27898550724637683,0.2826086956521739,0.2717391304347826,0.286231884057971,0.3007246376811594,0.2608695652173913,0.25,0.25,0.23550724637681159,0.23550724637681159,0.2536231884057971,0.2673913043478261,0.2663043478260869,0.2807971014492754,0.3007246376811594,0.019020876446966217
camel-1.4.csv pf,0.2796934865900383,0.24521072796934865,0.28735632183908044,0.2950191570881226,0.2988505747126437,0.2720306513409962,0.2720306513409962,0.29118773946360155,0.26053639846743293,0.31417624521072796,0.24521072796934865,0.2720306513409962,0.2816091954022989,0.28352490421455934,0.2931034482758621,0.31417624521072796,0.01902251584261519
camel-1.4.csv pf,0.23673469387755103,0.23673469387755103,0.2530612244897959,0.2571428571428571,0.2612244897959184,0.24489795918367346,0.24897959183673468,0.24489795918367346,0.24489795918367346,0.3020408163265306,0.23673469387755103,0.24489795918367346,0.2530612244897959,0.24693877551020407,0.2551020408163265,0.3020408163265306,0.017977726975955302
camel-1.4.csv pf,0.19029850746268656,0.19776119402985073,0.1865671641791045,0.17537313432835822,0.23134328358208955,0.17537313432835822,0.19029850746268656,0.19029850746268656,0.1828358208955224,0.19402985074626866,0.17537313432835822,0.18470149253731344,0.19141791044776119,0.19029850746268656,0.1921641791044776,0.23134328358208955,0.015023001596415965
camel-1.4.csv pf,0.2175732217573222,0.2301255230125523,0.200836820083682,0.21338912133891214,0.19665271966527198,0.23430962343096234,0.2217573221757322,0.21338912133891214,0.22594142259414227,0.23430962343096234,0.19665271966527198,0.21338912133891214,0.21882845188284522,0.2196652719665272,0.2280334728033473,0.23430962343096234,0.012419097974607387
camel-1.4.csv pf,0.2490974729241877,0.259927797833935,0.2779783393501805,0.26353790613718414,0.24548736462093862,0.2527075812274368,0.24187725631768953,0.2743682310469314,0.2527075812274368,0.259927797833935,0.24187725631768953,0.2509025270758123,0.25776173285198556,0.2563176895306859,0.26173285198555957,0.2779783393501805,0.011208790394411578
camel-1.4.csv pf,0.18773946360153257,0.19923371647509577,0.1839080459770115,0.1685823754789272,0.1685823754789272,0.1724137931034483,0.19923371647509577,0.17624521072796934,0.26436781609195403,0.15708812260536398,0.15708812260536398,0.17049808429118773,0.18773946360153254,0.18007662835249041,0.19348659003831417,0.26436781609195403,0.02862045884595111
camel-1.4.csv pf,0.19708029197080293,0.20437956204379562,0.20437956204379562,0.2116788321167883,0.19343065693430658,0.24087591240875914,0.18248175182481752,0.20072992700729927,0.17518248175182483,0.23357664233576642,0.17518248175182483,0.19525547445255476,0.20437956204379565,0.20255474452554745,0.20802919708029197,0.24087591240875914,0.019380902258907668
camel-1.4.csv pf,0.24436090225563908,0.2669172932330827,0.2631578947368421,0.2669172932330827,0.2593984962406015,0.2556390977443609,0.2593984962406015,0.2556390977443609,0.2556390977443609,0.2781954887218045,0.24436090225563908,0.2556390977443609,0.26052631578947366,0.2593984962406015,0.2650375939849624,0.2781954887218045,0.008580986624446113
camel-1.4.csv pf,0.1520912547528517,0.1482889733840304,0.19771863117870722,0.155893536121673,0.16730038022813687,0.1596958174904943,0.1520912547528517,0.1482889733840304,0.17490494296577946,0.155893536121673,0.1482889733840304,0.1520912547528517,0.1612167300380228,0.155893536121673,0.1634980988593156,0.19771863117870722,0.014548385148067675
camel-1.4.csv pf,0.20318725099601595,0.22709163346613545,0.2151394422310757,0.19123505976095617,0.199203187250996,0.19123505976095617,0.18725099601593626,0.1752988047808765,0.1593625498007968,0.19123505976095617,0.1593625498007968,0.1892430278884462,0.19402390438247014,0.19123505976095617,0.20119521912350596,0.22709163346613545,0.01808694735110146
ant-1.6.csv pf,0.2553191489361702,0.24468085106382978,0.2127659574468085,0.26595744680851063,0.22340425531914893,0.23404255319148937,0.2553191489361702,0.24468085106382978,0.2553191489361702,0.24468085106382978,0.2127659574468085,0.23936170212765956,0.24361702127659574,0.24468085106382978,0.2553191489361702,0.26595744680851063,0.015379608824256336
ant-1.6.csv pf,0.24489795918367346,0.24489795918367346,0.23469387755102042,0.25510204081632654,0.23469387755102042,0.22448979591836735,0.24489795918367346,0.2653061224489796,0.23469387755102042,0.23469387755102042,0.22448979591836735,0.23469387755102042,0.24183673469387754,0.23979591836734693,0.24489795918367346,0.2653061224489796,0.011224489795918368
ant-1.6.csv pf,0.2815533980582524,0.2621359223300971,0.2524271844660194,0.2815533980582524,0.2524271844660194,0.2815533980582524,0.2815533980582524,0.24271844660194175,0.3106796116504854,0.2815533980582524,0.24271844660194175,0.25728155339805825,0.2728155339805825,0.2815533980582524,0.2815533980582524,0.3106796116504854,0.019148624197394187
ant-1.6.csv pf,0.24719101123595505,0.2808988764044944,0.2247191011235955,0.21348314606741572,0.29213483146067415,0.25842696629213485,0.29213483146067415,0.2696629213483146,0.2696629213483146,0.24719101123595505,0.21348314606741572,0.24719101123595505,0.2595505617977528,0.2640449438202247,0.2752808988764045,0.29213483146067415,0.025349470050962872
ant-1.6.csv pf,0.1797752808988764,0.16853932584269662,0.15730337078651685,0.20224719101123595,0.15730337078651685,0.19101123595505617,0.19101123595505617,0.2247191011235955,0.16853932584269662,0.23595505617977527,0.15730337078651685,0.16853932584269662,0.1876404494382022,0.1853932584269663,0.19662921348314605,0.23595505617977527,0.025646544293288377
ant-1.6.csv pf,0.22826086956521738,0.17391304347826086,0.18478260869565216,0.16304347826086957,0.1956521739130435,0.1956521739130435,0.1956521739130435,0.1956521739130435,0.18478260869565216,0.14130434782608695,0.14130434782608695,0.1793478260869565,0.18586956521739129,0.19021739130434784,0.1956521739130435,0.22826086956521738,0.02198233523495292
ant-1.6.csv pf,0.24175824175824176,0.2087912087912088,0.16483516483516483,0.2087912087912088,0.1978021978021978,0.25274725274725274,0.2087912087912088,0.18681318681318682,0.21978021978021978,0.26373626373626374,0.16483516483516483,0.2032967032967033,0.21538461538461537,0.2087912087912088,0.23076923076923078,0.26373626373626374,0.028739993034334114
ant-1.6.csv pf,0.23300970873786409,0.27184466019417475,0.23300970873786409,0.23300970873786409,0.24271844660194175,0.22330097087378642,0.20388349514563106,0.2524271844660194,0.23300970873786409,0.23300970873786409,0.20388349514563106,0.23300970873786409,0.23592233009708735,0.23300970873786409,0.23786407766990292,0.27184466019417475,0.016844030653298515
ant-1.6.csv pf,0.16831683168316833,0.18811881188118812,0.1782178217821782,0.1782178217821782,0.1782178217821782,0.19801980198019803,0.15841584158415842,0.1782178217821782,0.16831683168316833,0.16831683168316833,0.15841584158415842,0.16831683168316833,0.17623762376237623,0.1782178217821782,0.1782178217821782,0.19801980198019803,0.010663692687395056
ant-1.6.csv pf,0.27956989247311825,0.2903225806451613,0.2903225806451613,0.27956989247311825,0.2903225806451613,0.3010752688172043,0.3010752688172043,0.3010752688172043,0.25806451612903225,0.3010752688172043,0.25806451612903225,0.28494623655913975,0.28924731182795693,0.2903225806451613,0.3010752688172043,0.3010752688172043,0.013125328619068509
ant-1.4.csv pf,0.49056603773584906,0.4528301886792453,0.39622641509433965,0.41509433962264153,0.4716981132075472,0.41509433962264153,0.33962264150943394,0.3584905660377358,0.4716981132075472,0.41509433962264153,0.33962264150943394,0.4056603773584906,0.42264150943396234,0.41509433962264153,0.46226415094339623,0.49056603773584906,0.04713206036527094
ant-1.4.csv pf,0.35185185185185186,0.3148148148148148,0.35185185185185186,0.37037037037037035,0.35185185185185186,0.35185185185185186,0.35185185185185186,0.3333333333333333,0.37037037037037035,0.3888888888888889,0.3148148148148148,0.35185185185185186,0.3537037037037037,0.35185185185185186,0.3611111111111111,0.3888888888888889,0.019333900942426943
ant-1.4.csv pf,0.45454545454545453,0.509090909090909,0.4,0.45454545454545453,0.43636363636363634,0.45454545454545453,0.4909090909090909,0.41818181818181815,0.41818181818181815,0.5454545454545454,0.4,0.42727272727272725,0.4581818181818182,0.45454545454545453,0.4727272727272727,0.5454545454545454,0.042872094991096704
ant-1.4.csv pf,0.38,0.32,0.44,0.48,0.44,0.46,0.5,0.46,0.42,0.44,0.32,0.43,0.434,0.44,0.46,0.5,0.04903060268852505
ant-1.4.csv pf,0.43103448275862066,0.3620689655172414,0.46551724137931033,0.5172413793103449,0.43103448275862066,0.43103448275862066,0.41379310344827586,0.43103448275862066,0.46551724137931033,0.39655172413793105,0.3620689655172414,0.4224137931034483,0.4344827586206897,0.43103448275862066,0.4482758620689655,0.5172413793103449,0.03991667897513871
ant-1.4.csv pf,0.40425531914893614,0.3829787234042553,0.40425531914893614,0.425531914893617,0.44680851063829785,0.44680851063829785,0.44680851063829785,0.44680851063829785,0.40425531914893614,0.425531914893617,0.3829787234042553,0.40425531914893614,0.4234042553191489,0.425531914893617,0.44680851063829785,0.44680851063829785,0.022213418104065
ant-1.4.csv pf,0.3333333333333333,0.4375,0.4375,0.25,0.3958333333333333,0.2916666666666667,0.5208333333333334,0.2916666666666667,0.3125,0.4375,0.25,0.30208333333333337,0.3708333333333333,0.3645833333333333,0.4375,0.5208333333333334,0.08270597183866336
ant-1.4.csv pf,0.40476190476190477,0.4523809523809524,0.3333333333333333,0.35714285714285715,0.4523809523809524,0.35714285714285715,0.38095238095238093,0.3333333333333333,0.4523809523809524,0.40476190476190477,0.3333333333333333,0.35714285714285715,0.39285714285714285,0.39285714285714285,0.4285714285714286,0.4523809523809524,0.04548803136795905
ant-1.4.csv pf,0.2830188679245283,0.2641509433962264,0.20754716981132076,0.18867924528301888,0.2830188679245283,0.18867924528301888,0.32075471698113206,0.20754716981132076,0.3018867924528302,0.4339622641509434,0.18867924528301888,0.20754716981132076,0.26792452830188684,0.27358490566037735,0.29245283018867924,0.4339622641509434,0.07199541142769401
ant-1.4.csv pf,0.5,0.5,0.5454545454545454,0.6363636363636364,0.5681818181818182,0.4772727272727273,0.5227272727272727,0.4772727272727273,0.5227272727272727,0.5227272727272727,0.4772727272727273,0.5,0.5272727272727271,0.5227272727272727,0.5340909090909091,0.6363636363636364,0.04522670168666454
ivy-1.4.csv pf,0.24,0.22666666666666666,0.2,0.25333333333333335,0.16,0.16,0.24,0.25333333333333335,0.21333333333333335,0.25333333333333335,0.16,0.20666666666666667,0.22000000000000003,0.23333333333333334,0.24666666666666667,0.25333333333333335,0.03438345855527367
ivy-1.4.csv pf,0.07692307692307693,0.19230769230769232,0.16666666666666666,0.19230769230769232,0.11538461538461539,0.07692307692307693,0.19230769230769232,0.0641025641025641,0.1794871794871795,0.14102564102564102,0.0641025641025641,0.09615384615384616,0.13974358974358975,0.15384615384615385,0.1858974358974359,0.19230769230769232,0.049802370768089826
ivy-1.4.csv pf,0.2840909090909091,0.25,0.22727272727272727,0.26136363636363635,0.23863636363636365,0.22727272727272727,0.20454545454545456,0.23863636363636365,0.20454545454545456,0.22727272727272727,0.20454545454545456,0.22727272727272727,0.2363636363636364,0.23295454545454547,0.24431818181818182,0.2840909090909091,0.02317736142542175
ivy-1.4.csv pf,0.33766233766233766,0.3116883116883117,0.24675324675324675,0.3246753246753247,0.3246753246753247,0.3246753246753247,0.2857142857142857,0.33766233766233766,0.2987012987012987,0.2987012987012987,0.24675324675324675,0.2987012987012987,0.3090909090909091,0.3181818181818182,0.3246753246753247,0.33766233766233766,0.02648841305762486
ivy-1.4.csv pf,0.25,0.22826086956521738,0.21739130434782608,0.2826086956521739,0.2608695652173913,0.18478260869565216,0.21739130434782608,0.2608695652173913,0.22826086956521738,0.25,0.18478260869565216,0.22282608695652173,0.23804347826086958,0.2391304347826087,0.2554347826086957,0.2826086956521739,0.02682383191141971
ivy-1.4.csv pf,0.26136363636363635,0.26136363636363635,0.2727272727272727,0.25,0.2727272727272727,0.26136363636363635,0.19318181818181818,0.25,0.20454545454545456,0.26136363636363635,0.19318181818181818,0.25,0.24886363636363634,0.26136363636363635,0.26136363636363635,0.2727272727272727,0.02613636363636363
ivy-1.4.csv pf,0.1,0.0875,0.1125,0.1,0.0875,0.0875,0.1,0.0875,0.0875,0.1375,0.0875,0.0875,0.09875,0.09375,0.1,0.1375,0.015258194519667133
ivy-1.4.csv pf,0.2692307692307692,0.2692307692307692,0.2564102564102564,0.28205128205128205,0.2692307692307692,0.2948717948717949,0.2564102564102564,0.2692307692307692,0.2564102564102564,0.2692307692307692,0.2564102564102564,0.2628205128205128,0.2692307692307692,0.2692307692307692,0.2692307692307692,0.2948717948717949,0.0114670152692297
ivy-1.4.csv pf,0.3373493975903614,0.3373493975903614,0.27710843373493976,0.3132530120481928,0.30120481927710846,0.3373493975903614,0.27710843373493976,0.3132530120481928,0.3253012048192771,0.3373493975903614,0.27710843373493976,0.30722891566265065,0.31566265060240967,0.3192771084337349,0.3373493975903614,0.3373493975903614,0.022732484655558067
ivy-1.4.csv pf,0.20481927710843373,0.18072289156626506,0.21686746987951808,0.20481927710843373,0.20481927710843373,0.20481927710843373,0.1686746987951807,0.20481927710843373,0.20481927710843373,0.21686746987951808,0.1686746987951807,0.20481927710843373,0.20120481927710845,0.20481927710843373,0.20481927710843373,0.21686746987951808,0.014306436249443277
camel-1.0.csv pf,0.13821138211382114,0.13008130081300814,0.16260162601626016,0.14634146341463414,0.16260162601626016,0.17073170731707318,0.14634146341463414,0.15447154471544716,0.14634146341463414,0.14634146341463414,0.13008130081300814,0.14634146341463414,0.15040650406504064,0.14634146341463414,0.15853658536585366,0.17073170731707318,0.011640504929492972
camel-1.0.csv pf,0.14414414414414414,0.18018018018018017,0.15315315315315314,0.2072072072072072,0.2072072072072072,0.16216216216216217,0.22522522522522523,0.18018018018018017,0.1981981981981982,0.12612612612612611,0.12612612612612611,0.15765765765765766,0.1783783783783784,0.18018018018018017,0.2027027027027027,0.22522522522522523,0.030096023582864985
camel-1.0.csv pf,0.0975609756097561,0.0975609756097561,0.10569105691056911,0.0975609756097561,0.11382113821138211,0.12195121951219512,0.0975609756097561,0.0975609756097561,0.08943089430894309,0.08943089430894309,0.08943089430894309,0.0975609756097561,0.10081300813008132,0.0975609756097561,0.1016260162601626,0.12195121951219512,0.00975609756097561
camel-1.0.csv pf,0.3305785123966942,0.2644628099173554,0.2809917355371901,0.256198347107438,0.32231404958677684,0.2727272727272727,0.2809917355371901,0.33884297520661155,0.256198347107438,0.30578512396694213,0.256198347107438,0.26859504132231404,0.2909090909090909,0.2809917355371901,0.31404958677685946,0.33884297520661155,0.029521605123126862
camel-1.0.csv pf,0.12396694214876033,0.21487603305785125,0.12396694214876033,0.14049586776859505,0.18181818181818182,0.24793388429752067,0.21487603305785125,0.1322314049586777,0.14049586776859505,0.14049586776859505,0.12396694214876033,0.13636363636363635,0.16611570247933885,0.14049586776859505,0.19834710743801653,0.24793388429752067,0.04285584185938569
camel-1.0.csv pf,0.3130434782608696,0.3391304347826087,0.3391304347826087,0.3391304347826087,0.3391304347826087,0.3217391304347826,0.3391304347826087,0.33043478260869563,0.3391304347826087,0.3391304347826087,0.3130434782608696,0.33478260869565213,0.3339130434782608,0.3391304347826087,0.3391304347826087,0.3391304347826087,0.008867860023639618
camel-1.0.csv pf,0.0967741935483871,0.10483870967741936,0.14516129032258066,0.16129032258064516,0.10483870967741936,0.14516129032258066,0.13709677419354838,0.0967741935483871,0.16129032258064516,0.12096774193548387,0.0967741935483871,0.10483870967741936,0.1274193548387097,0.12903225806451613,0.14516129032258066,0.16129032258064516,0.024407654758744443
camel-1.0.csv pf,0.14173228346456693,0.14960629921259844,0.12598425196850394,0.13385826771653545,0.11811023622047244,0.14173228346456693,0.13385826771653545,0.13385826771653545,0.14960629921259844,0.14173228346456693,0.11811023622047244,0.13385826771653545,0.13700787401574802,0.1377952755905512,0.14173228346456693,0.14960629921259844,0.009448818897637797
camel-1.0.csv pf,0.17699115044247787,0.20353982300884957,0.18584070796460178,0.1592920353982301,0.1504424778761062,0.17699115044247787,0.1592920353982301,0.17699115044247787,0.21238938053097345,0.18584070796460178,0.1504424778761062,0.16814159292035397,0.17876106194690267,0.17699115044247787,0.18584070796460178,0.21238938053097345,0.018478418599841683
camel-1.0.csv pf,0.14912280701754385,0.14912280701754385,0.15789473684210525,0.20175438596491227,0.14912280701754385,0.17543859649122806,0.15789473684210525,0.14035087719298245,0.13157894736842105,0.13157894736842105,0.13157894736842105,0.14473684210526316,0.15438596491228068,0.14912280701754385,0.15789473684210525,0.20175438596491227,0.020079865161858942
ant-1.5.csv pf,0.15625,0.13541666666666666,0.16666666666666666,0.13541666666666666,0.14583333333333334,0.125,0.125,0.17708333333333334,0.09375,0.16666666666666666,0.09375,0.13020833333333331,0.14270833333333335,0.140625,0.16145833333333331,0.17708333333333334,0.023776483771902765
ant-1.5.csv pf,0.12380952380952381,0.09523809523809523,0.10476190476190476,0.10476190476190476,0.11428571428571428,0.10476190476190476,0.10476190476190476,0.11428571428571428,0.11428571428571428,0.10476190476190476,0.09523809523809523,0.10476190476190476,0.10857142857142858,0.10476190476190476,0.11428571428571428,0.12380952380952381,0.00761904761904762
ant-1.5.csv pf,0.14444444444444443,0.1111111111111111,0.13333333333333333,0.15555555555555556,0.14444444444444443,0.13333333333333333,0.15555555555555556,0.15555555555555556,0.13333333333333333,0.12222222222222222,0.1111111111111111,0.13333333333333333,0.1388888888888889,0.1388888888888889,0.15,0.15555555555555556,0.014272480642961256
ant-1.5.csv pf,0.041237113402061855,0.07216494845360824,0.061855670103092786,0.07216494845360824,0.08247422680412371,0.061855670103092786,0.07216494845360824,0.08247422680412371,0.061855670103092786,0.041237113402061855,0.041237113402061855,0.061855670103092786,0.06494845360824741,0.06701030927835051,0.07216494845360824,0.08247422680412371,0.013869715512447122
ant-1.5.csv pf,0.12,0.1,0.11,0.09,0.12,0.12,0.11,0.11,0.11,0.11,0.09,0.11,0.11000000000000001,0.11,0.11499999999999999,0.12,0.008944271909999156
ant-1.5.csv pf,0.11363636363636363,0.09090909090909091,0.10227272727272728,0.10227272727272728,0.10227272727272728,0.09090909090909091,0.10227272727272728,0.10227272727272728,0.10227272727272728,0.11363636363636363,0.09090909090909091,0.10227272727272728,0.10227272727272727,0.10227272727272728,0.10227272727272728,0.11363636363636363,0.00718699468220086
ant-1.5.csv pf,0.12195121951219512,0.12195121951219512,0.14634146341463414,0.15853658536585366,0.14634146341463414,0.14634146341463414,0.13414634146341464,0.13414634146341464,0.14634146341463414,0.14634146341463414,0.12195121951219512,0.13414634146341464,0.14024390243902438,0.14634146341463414,0.14634146341463414,0.15853658536585366,0.011243346899137667
ant-1.5.csv pf,0.14130434782608695,0.16304347826086957,0.14130434782608695,0.15217391304347827,0.13043478260869565,0.15217391304347827,0.16304347826086957,0.16304347826086957,0.11956521739130435,0.17391304347826086,0.11956521739130435,0.14130434782608695,0.15,0.15217391304347827,0.16304347826086957,0.17391304347826086,0.015974933105107683
ant-1.5.csv pf,0.03225806451612903,0.043010752688172046,0.043010752688172046,0.043010752688172046,0.043010752688172046,0.043010752688172046,0.043010752688172046,0.03225806451612903,0.043010752688172046,0.043010752688172046,0.03225806451612903,0.043010752688172046,0.04086021505376345,0.043010752688172046,0.043010752688172046,0.043010752688172046,0.004301075268817206
ant-1.5.csv pf,0.20202020202020202,0.1919191919191919,0.16161616161616163,0.15151515151515152,0.15151515151515152,0.16161616161616163,0.1919191919191919,0.1717171717171717,0.1414141414141414,0.1919191919191919,0.1414141414141414,0.15656565656565657,0.1717171717171717,0.16666666666666669,0.1919191919191919,0.20202020202020202,0.020202020202020197
ant-1.3.csv pf,0.23076923076923078,0.2564102564102564,0.1794871794871795,0.1794871794871795,0.1794871794871795,0.15384615384615385,0.3333333333333333,0.15384615384615385,0.15384615384615385,0.15384615384615385,0.15384615384615385,0.15384615384615385,0.1974358974358974,0.1794871794871795,0.20512820512820512,0.3333333333333333,0.05623515948579822
ant-1.3.csv pf,0.13157894736842105,0.15789473684210525,0.10526315789473684,0.23684210526315788,0.15789473684210525,0.15789473684210525,0.15789473684210525,0.15789473684210525,0.15789473684210525,0.23684210526315788,0.10526315789473684,0.15789473684210525,0.16578947368421054,0.15789473684210525,0.15789473684210525,0.23684210526315788,0.039121233545575014
ant-1.3.csv pf,0.14285714285714285,0.11428571428571428,0.17142857142857143,0.17142857142857143,0.14285714285714285,0.14285714285714285,0.14285714285714285,0.14285714285714285,0.11428571428571428,0.11428571428571428,0.11428571428571428,0.12857142857142856,0.13999999999999999,0.14285714285714285,0.14285714285714285,0.17142857142857143,0.02
ant-1.3.csv pf,0.2,0.25,0.225,0.2,0.2,0.175,0.2,0.175,0.175,0.175,0.175,0.175,0.1975,0.2,0.2,0.25,0.023584952830141514
ant-1.3.csv pf,0.2682926829268293,0.17073170731707318,0.24390243902439024,0.2926829268292683,0.1951219512195122,0.1951219512195122,0.1951219512195122,0.17073170731707318,0.1951219512195122,0.1951219512195122,0.17073170731707318,0.1951219512195122,0.21219512195121953,0.1951219512195122,0.21951219512195122,0.2926829268292683,0.03940364493025246
ant-1.3.csv pf,0.16666666666666666,0.16666666666666666,0.19444444444444445,0.16666666666666666,0.16666666666666666,0.16666666666666666,0.16666666666666666,0.16666666666666666,0.16666666666666666,0.16666666666666666,0.16666666666666666,0.16666666666666666,0.16944444444444445,0.16666666666666666,0.16666666666666666,0.19444444444444445,0.008333333333333337
ant-1.3.csv pf,0.20512820512820512,0.23076923076923078,0.23076923076923078,0.2564102564102564,0.20512820512820512,0.3333333333333333,0.38461538461538464,0.1794871794871795,0.2564102564102564,0.1794871794871795,0.1794871794871795,0.20512820512820512,0.2461538461538461,0.23076923076923078,0.2564102564102564,0.38461538461538464,0.06301643962792056
ant-1.3.csv pf,0.0,0.05128205128205128,0.05128205128205128,0.0,0.05128205128205128,0.0,0.02564102564102564,0.05128205128205128,0.0,0.0,0.0,0.0,0.023076923076923075,0.01282051282051282,0.05128205128205128,0.05128205128205128,0.024189695210401548
ant-1.3.csv pf,0.1891891891891892,0.24324324324324326,0.21621621621621623,0.24324324324324326,0.1891891891891892,0.24324324324324326,0.24324324324324326,0.1891891891891892,0.21621621621621623,0.21621621621621623,0.1891891891891892,0.20270270270270271,0.21891891891891896,0.21621621621621623,0.24324324324324326,0.24324324324324326,0.022450334764643448
ant-1.3.csv pf,0.14285714285714285,0.11428571428571428,0.17142857142857143,0.11428571428571428,0.08571428571428572,0.14285714285714285,0.14285714285714285,0.08571428571428572,0.14285714285714285,0.14285714285714285,0.08571428571428572,0.11428571428571428,0.12857142857142856,0.14285714285714285,0.14285714285714285,0.17142857142857143,0.02634155559226539
jedit-4.2.csv pf,0.17857142857142858,0.19642857142857142,0.19642857142857142,0.1875,0.22321428571428573,0.1875,0.1875,0.17857142857142858,0.17857142857142858,0.16071428571428573,0.16071428571428573,0.17857142857142858,0.1875,0.1875,0.1919642857142857,0.22321428571428573,0.015464739353293545
jedit-4.2.csv pf,0.18584070796460178,0.1592920353982301,0.17699115044247787,0.1504424778761062,0.1592920353982301,0.20353982300884957,0.1504424778761062,0.168141592920354,0.17699115044247787,0.21238938053097345,0.1504424778761062,0.1592920353982301,0.17433628318584074,0.17256637168141592,0.18141592920353983,0.21238938053097345,0.020199490638076686
jedit-4.2.csv pf,0.20610687022900764,0.19083969465648856,0.183206106870229,0.21374045801526717,0.19083969465648856,0.19083969465648856,0.19083969465648856,0.19083969465648856,0.17557251908396945,0.17557251908396945,0.17557251908396945,0.18702290076335878,0.19083969465648853,0.19083969465648856,0.19083969465648856,0.21374045801526717,0.011322440438313994
jedit-4.2.csv pf,0.21238938053097345,0.1504424778761062,0.18584070796460178,0.19469026548672566,0.19469026548672566,0.168141592920354,0.19469026548672566,0.17699115044247787,0.168141592920354,0.168141592920354,0.1504424778761062,0.168141592920354,0.18141592920353983,0.18141592920353983,0.19469026548672566,0.21238938053097345,0.017364085725972193
jedit-4.2.csv pf,0.12727272727272726,0.10909090909090909,0.12727272727272726,0.1,0.11818181818181818,0.11818181818181818,0.1,0.10909090909090909,0.11818181818181818,0.12727272727272726,0.1,0.10909090909090909,0.11545454545454545,0.11818181818181818,0.12272727272727271,0.12727272727272726,0.009999999999999993
jedit-4.2.csv pf,0.16666666666666666,0.16666666666666666,0.16666666666666666,0.17543859649122806,0.22807017543859648,0.13157894736842105,0.12280701754385964,0.14035087719298245,0.15789473684210525,0.14035087719298245,0.12280701754385964,0.14035087719298245,0.15964912280701754,0.16228070175438597,0.16666666666666666,0.22807017543859648,0.028234170069177333
jedit-4.2.csv pf,0.18181818181818182,0.18181818181818182,0.18181818181818182,0.19090909090909092,0.17272727272727273,0.17272727272727273,0.17272727272727273,0.2,0.18181818181818182,0.18181818181818182,0.17272727272727273,0.17727272727272728,0.18181818181818182,0.18181818181818182,0.18181818181818182,0.2,0.008131156281817419
jedit-4.2.csv pf,0.2644628099173554,0.19008264462809918,0.2644628099173554,0.2066115702479339,0.2727272727272727,0.2066115702479339,0.2809917355371901,0.2231404958677686,0.256198347107438,0.24793388429752067,0.19008264462809918,0.21487603305785125,0.24132231404958676,0.25206611570247933,0.2644628099173554,0.2809917355371901,0.030432979569457796
jedit-4.2.csv pf,0.19827586206896552,0.20689655172413793,0.15517241379310345,0.20689655172413793,0.1810344827586207,0.19827586206896552,0.1896551724137931,0.1810344827586207,0.19827586206896552,0.1896551724137931,0.15517241379310345,0.1853448275862069,0.19051724137931034,0.1939655172413793,0.19827586206896552,0.20689655172413793,0.014655172413793105
jedit-4.2.csv pf,0.15447154471544716,0.14634146341463414,0.15447154471544716,0.16260162601626016,0.13008130081300814,0.13821138211382114,0.14634146341463414,0.14634146341463414,0.13821138211382114,0.13008130081300814,0.13008130081300814,0.13821138211382114,0.14471544715447154,0.14634146341463414,0.15040650406504064,0.16260162601626016,0.010154468290078692
camel-1.2.csv pf,0.38461538461538464,0.32167832167832167,0.27972027972027974,0.3006993006993007,0.2867132867132867,0.3076923076923077,0.2867132867132867,0.26573426573426573,0.2727272727272727,0.2867132867132867,0.26573426573426573,0.28321678321678323,0.29930069930069925,0.2867132867132867,0.30419580419580416,0.38461538461538464,0.03247045249298994
camel-1.2.csv pf,0.2695035460992908,0.2765957446808511,0.2624113475177305,0.3049645390070922,0.2127659574468085,0.22695035460992907,0.2907801418439716,0.2198581560283688,0.2553191489361702,0.2765957446808511,0.2127659574468085,0.24113475177304963,0.25957446808510637,0.26595744680851063,0.2765957446808511,0.3049645390070922,0.02927626587312098
camel-1.2.csv pf,0.36619718309859156,0.2605633802816901,0.2605633802816901,0.33098591549295775,0.2605633802816901,0.3591549295774648,0.2605633802816901,0.21830985915492956,0.3028169014084507,0.36619718309859156,0.21830985915492956,0.2605633802816901,0.2985915492957746,0.2816901408450704,0.34507042253521125,0.36619718309859156,0.05109396379497763
camel-1.2.csv pf,0.46357615894039733,0.4105960264900662,0.25165562913907286,0.4105960264900662,0.423841059602649,0.5165562913907285,0.46357615894039733,0.4370860927152318,0.44370860927152317,0.3509933774834437,0.25165562913907286,0.4105960264900662,0.4172185430463576,0.4304635761589404,0.45364238410596025,0.5165562913907285,0.06869564227756259
camel-1.2.csv pf,0.40441176470588236,0.4117647058823529,0.34558823529411764,0.3161764705882353,0.35294117647058826,0.38235294117647056,0.4264705882352941,0.40441176470588236,0.41911764705882354,0.3161764705882353,0.3161764705882353,0.3492647058823529,0.3779411764705882,0.39338235294117646,0.40808823529411764,0.4264705882352941,0.039896058724266284
camel-1.2.csv pf,0.3986013986013986,0.2727272727272727,0.34965034965034963,0.36363636363636365,0.3076923076923077,0.4405594405594406,0.2937062937062937,0.3776223776223776,0.25874125874125875,0.2727272727272727,0.25874125874125875,0.28321678321678323,0.33356643356643356,0.32867132867132864,0.3706293706293706,0.4405594405594406,0.0583444807933319
camel-1.2.csv pf,0.29850746268656714,0.2537313432835821,0.2835820895522388,0.3283582089552239,0.291044776119403,0.29850746268656714,0.2462686567164179,0.26119402985074625,0.373134328358209,0.23134328358208955,0.23134328358208955,0.2574626865671642,0.2865671641791045,0.2873134328358209,0.29850746268656714,0.373134328358209,0.039937576597790014
camel-1.2.csv pf,0.344,0.296,0.336,0.392,0.344,0.368,0.368,0.336,0.288,0.328,0.288,0.332,0.33999999999999997,0.33999999999999997,0.356,0.392,0.030199337741083004
camel-1.2.csv pf,0.2642857142857143,0.21428571428571427,0.29285714285714287,0.2357142857142857,0.35,0.2857142857142857,0.22142857142857142,0.37857142857142856,0.35714285714285715,0.4642857142857143,0.21428571428571427,0.25,0.30642857142857144,0.28928571428571426,0.35357142857142854,0.4642857142857143,0.07595984438625236
camel-1.2.csv pf,0.3424657534246575,0.3493150684931507,0.3082191780821918,0.3424657534246575,0.3698630136986301,0.3287671232876712,0.3561643835616438,0.3424657534246575,0.3561643835616438,0.3287671232876712,0.3082191780821918,0.3356164383561644,0.3424657534246575,0.3424657534246575,0.3527397260273972,0.3698630136986301,0.016495335039441495
